1,2,3,4,5,6,7,8,9,10,11,12,13,14,15,16,17,18,19,20,21,22,23,24,25,26,27,28,29,30,31,32,33,34,35,36,37,38,39,40,41,42,43,44,45,46,47,48,49,50,51,52,53,54,55,56,57,58,59,60,61,62,63,64,65,66,67,68,69,70,71,72,73,74,75,76,77,78,79,80,81,82,83,84,85,86,87,88,89,90,91,92,93,94,95,96,97,98,99,100,101,102,103,104,105,106,107,108,109,110,111,112,113,114,115,116,117,118,119,120,121,122,123,124,125,126,127,128,129,130,131,132,133,134,135,136,137,138,139,140,141,142,143,144,145,146,147,148,149,150,151,152,153,154,155,156,157,158,159,160,161,162,163,164,165,166,167,168,169,170,171,172,173,174,175,176,177,178,179,180,181,182,183,184,185,186,187,188,189,190,191,192,193,194,195,196,197,198,199,200,201,202,203,204,205,206,207,208,209,210,211,212,213,214,215,216,217,218,219,220,221,222,223,224,225,226,227,228,229,230,231,232,233,234,235,236,237,238,239,240,241,242,243,244,245,246,247,248,249,250,251,252,253,254,255,256,257,258,259,260,261,262,263,264,265,266,267,268,269,270,271,272,273,274,275,276,277,278,279,280,281,282,283,284,285,286,287,288,289,290,291,292,293,294,295,296,297,298,299,300,301,302,303,304,305,306,307,308,309,310,311,312,313,314,315,316,317,318,319,320,321,322,323,324,325,326,327,328,329,330,331,332,333,334,335,336,337,338,339,340,341,342,343,344,345,346,347,348,349,350,351,352,353,354,355,356,357,358,359,360,361,362,363,364,365,366,367,368,369,370,371,372,373,374,375,376,377,378,379,380,381,382,383,384,385,386,387,388,389,390,391,392,393,394,395,396,397,398,399,400,401,402,403,404,405,406,407,408,409,410,411,412,413,414,415,416,417,418,419,420,421,422,423,424,425,426,427,428,429,430,431,432,433,434,435,436,437,438,439,440,441,442,443,444,445,446,447,448,449,450,451,452,453,454,455,456,457,458,459,460,461,462,463,464,465,466,467,468,469,470,471,472,473,474,475,476,477,478,479,480,481,482,483,484,485,486,487,488,489,490,491,492,493,494,495,496,497,498,499,500,501,502,503,504,505,506,507,508,509,510,511,512,513,514,515,516,517,518,519,520,521,522,523,524,525,526,527,528,529,530,531,532,533,534,535,536,537,538,539,540,541,542,543,544,545,546,547,548,549,550,551,552,553,554,555,556,557,558,559,560,561,562,563,564
"[2.00000000e+00 1.20200000e+03 5.11197009e-01 4.46098652e-01
 7.00000000e+00 1.00000000e+00 0.00000000e+00 0.00000000e+00
 0.00000000e+00 1.00000000e+00 9.00000000e+00 9.00000000e+00
 0.00000000e+00]","[1.000e+00 1.382e+03 1.000e-01 9.000e-01 1.000e+00 1.000e+00 0.000e+00
 1.000e+00 1.000e+00 0.000e+00 1.000e+01 6.400e+01 1.000e+00]","[3.00000000e+00 2.24200000e+03 2.26679649e-01 3.29356935e-01
 4.00000000e+00 1.00000000e+00 0.00000000e+00 1.00000000e+00
 1.00000000e+00 0.00000000e+00 9.50000000e+01 4.20000000e+01
 0.00000000e+00]","[3.00000000e+00 2.26600000e+03 3.30442512e-01 6.27312670e-01
 6.00000000e+00 0.00000000e+00 0.00000000e+00 1.00000000e+00
 1.00000000e+00 1.00000000e+00 9.60000000e+01 8.00000000e+00
 0.00000000e+00]","[1.000e+00 1.552e+03 1.000e-01 9.000e-01 1.000e+00 1.000e+00 0.000e+00
 1.000e+00 1.000e+00 0.000e+00 2.200e+01 1.400e+01 1.000e+00]","[1.00000000e+00 1.02400000e+03 9.00000000e-01 3.07708002e-01
 1.20000000e+01 1.00000000e+00 0.00000000e+00 0.00000000e+00
 1.00000000e+00 2.00000000e+00 6.30000000e+01 1.10000000e+01
 0.00000000e+00]","[1.00000000e+00 5.26000000e+02 3.33897792e-01 3.26154669e-01
 1.00000000e+01 1.00000000e+00 1.00000000e+00 0.00000000e+00
 0.00000000e+00 2.00000000e+00 7.30000000e+01 4.10000000e+01
 0.00000000e+00]","[2.00000000e+00 1.48800000e+03 3.20052372e-01 7.20882069e-01
 7.00000000e+00 0.00000000e+00 0.00000000e+00 0.00000000e+00
 0.00000000e+00 2.00000000e+00 4.60000000e+01 8.00000000e+00
 0.00000000e+00]","[1.00000000e+00 6.28000000e+02 8.01535314e-01 2.62521672e-01
 4.00000000e+00 1.00000000e+00 0.00000000e+00 1.00000000e+00
 0.00000000e+00 2.00000000e+00 9.20000000e+01 1.50000000e+01
 0.00000000e+00]","[1.00000000e+00 2.29000000e+03 1.08493496e-01 7.70660396e-01
 3.00000000e+00 0.00000000e+00 1.00000000e+00 1.00000000e+00
 1.00000000e+00 2.00000000e+00 5.10000000e+01 4.70000000e+01
 1.00000000e+00]","[3.00000000e+00 3.53200000e+03 5.05044167e-01 3.58241532e-01
 3.00000000e+00 1.00000000e+00 0.00000000e+00 1.00000000e+00
 0.00000000e+00 2.00000000e+00 8.90000000e+01 2.50000000e+01
 0.00000000e+00]","[2.00000000e+00 2.51700000e+03 2.50271858e-01 6.26641892e-01
 6.00000000e+00 1.00000000e+00 0.00000000e+00 1.00000000e+00
 0.00000000e+00 0.00000000e+00 9.60000000e+01 3.00000000e+01
 1.00000000e+00]","[1.00000000e+00 1.89300000e+03 1.29633055e-01 6.12663395e-01
 1.00000000e+01 1.00000000e+00 0.00000000e+00 0.00000000e+00
 0.00000000e+00 0.00000000e+00 8.80000000e+01 6.10000000e+01
 1.00000000e+00]","[2.00000000e+00 8.76000000e+02 4.65768027e-01 5.48916698e-01
 5.00000000e+00 0.00000000e+00 1.00000000e+00 1.00000000e+00
 0.00000000e+00 2.00000000e+00 1.00000000e+01 6.10000000e+01
 1.00000000e+00]","[3.00000000e+00 3.33100000e+03 6.57963254e-01 6.45596699e-01
 1.00000000e+00 1.00000000e+00 1.00000000e+00 1.00000000e+00
 0.00000000e+00 1.00000000e+00 1.00000000e+01 3.90000000e+01
 0.00000000e+00]","[2.00000000e+00 2.51700000e+03 2.50271858e-01 6.26641892e-01
 6.00000000e+00 1.00000000e+00 0.00000000e+00 1.00000000e+00
 0.00000000e+00 0.00000000e+00 9.60000000e+01 3.00000000e+01
 1.00000000e+00]","[2.00000000e+00 2.60400000e+03 5.61257907e-01 4.67583307e-01
 7.00000000e+00 1.00000000e+00 0.00000000e+00 0.00000000e+00
 0.00000000e+00 0.00000000e+00 3.80000000e+01 4.50000000e+01
 0.00000000e+00]","[3.00000000e+00 9.88000000e+02 8.74046683e-01 4.73697334e-01
 1.00000000e+00 1.00000000e+00 0.00000000e+00 0.00000000e+00
 1.00000000e+00 2.00000000e+00 8.50000000e+01 2.70000000e+01
 0.00000000e+00]","[4.00000000e+00 7.84000000e+02 3.28996738e-01 4.41347282e-01
 1.00000000e+00 1.00000000e+00 0.00000000e+00 1.00000000e+00
 1.00000000e+00 1.00000000e+00 8.60000000e+01 4.30000000e+01
 0.00000000e+00]","[2.00000000e+00 2.10300000e+03 7.14278926e-01 4.06360426e-01
 4.00000000e+00 0.00000000e+00 1.00000000e+00 0.00000000e+00
 1.00000000e+00 0.00000000e+00 5.60000000e+01 4.30000000e+01
 0.00000000e+00]","[2.00000000e+00 1.19500000e+03 6.08279576e-01 6.11843128e-01
 7.00000000e+00 1.00000000e+00 1.00000000e+00 0.00000000e+00
 0.00000000e+00 2.00000000e+00 3.50000000e+01 4.70000000e+01
 0.00000000e+00]","[3.00000000e+00 6.97000000e+02 8.61746453e-01 4.95509241e-01
 3.00000000e+00 1.00000000e+00 1.00000000e+00 0.00000000e+00
 1.00000000e+00 1.00000000e+00 9.50000000e+01 4.20000000e+01
 0.00000000e+00]","[3.00000000e+00 9.57000000e+02 8.99291530e-01 7.19266666e-01
 5.00000000e+00 1.00000000e+00 1.00000000e+00 1.00000000e+00
 1.00000000e+00 0.00000000e+00 3.10000000e+01 3.00000000e+01
 0.00000000e+00]","[3.00000000e+00 1.82800000e+03 2.78800981e-01 8.41088039e-01
 6.00000000e+00 1.00000000e+00 0.00000000e+00 1.00000000e+00
 1.00000000e+00 2.00000000e+00 6.30000000e+01 6.00000000e+01
 0.00000000e+00]","[3.00000000e+00 1.31900000e+03 6.66849747e-01 6.42701434e-01
 5.00000000e+00 1.00000000e+00 1.00000000e+00 1.00000000e+00
 1.00000000e+00 2.00000000e+00 6.20000000e+01 4.90000000e+01
 0.00000000e+00]","[3.00000000e+00 1.67400000e+03 6.23797843e-01 7.76875646e-01
 4.00000000e+00 1.00000000e+00 0.00000000e+00 0.00000000e+00
 1.00000000e+00 1.00000000e+00 7.10000000e+01 3.30000000e+01
 0.00000000e+00]","[3.00000000e+00 1.82800000e+03 2.78800981e-01 8.41088039e-01
 6.00000000e+00 1.00000000e+00 0.00000000e+00 1.00000000e+00
 1.00000000e+00 2.00000000e+00 6.30000000e+01 6.00000000e+01
 0.00000000e+00]","[3.00000000e+00 1.32100000e+03 1.58326131e-01 1.41312885e-01
 6.00000000e+00 1.00000000e+00 1.00000000e+00 0.00000000e+00
 1.00000000e+00 2.00000000e+00 3.70000000e+01 4.60000000e+01
 0.00000000e+00]","[4.00000000e+00 3.16400000e+03 4.59321106e-01 1.02741387e-01
 4.00000000e+00 1.00000000e+00 0.00000000e+00 0.00000000e+00
 1.00000000e+00 2.00000000e+00 7.50000000e+01 4.50000000e+01
 1.00000000e+00]","[3.00000000e+00 1.57300000e+03 3.38997559e-01 3.92657970e-01
 7.00000000e+00 1.00000000e+00 1.00000000e+00 1.00000000e+00
 1.00000000e+00 1.00000000e+00 6.20000000e+01 3.20000000e+01
 0.00000000e+00]","[4.00000000e+00 1.42700000e+03 8.54765053e-01 3.60701438e-01
 5.00000000e+00 1.00000000e+00 1.00000000e+00 0.00000000e+00
 1.00000000e+00 1.00000000e+00 2.50000000e+01 1.80000000e+01
 1.00000000e+00]","[3.00000000e+00 9.57000000e+02 8.99291530e-01 7.19266666e-01
 5.00000000e+00 1.00000000e+00 1.00000000e+00 1.00000000e+00
 1.00000000e+00 0.00000000e+00 3.10000000e+01 3.00000000e+01
 0.00000000e+00]","[3.00000000e+00 1.02400000e+03 3.39547422e-01 2.96020812e-01
 4.00000000e+00 1.00000000e+00 0.00000000e+00 1.00000000e+00
 1.00000000e+00 0.00000000e+00 5.20000000e+01 2.50000000e+01
 0.00000000e+00]","[1.00000000e+00 1.04500000e+03 4.49367817e-01 4.79930861e-01
 8.00000000e+00 1.00000000e+00 0.00000000e+00 0.00000000e+00
 1.00000000e+00 2.00000000e+00 4.20000000e+01 1.00000000e+01
 1.00000000e+00]","[4.00000000e+00 1.21800000e+03 4.01780260e-01 7.27268949e-01
 1.00000000e+01 1.00000000e+00 0.00000000e+00 0.00000000e+00
 1.00000000e+00 0.00000000e+00 6.70000000e+01 3.50000000e+01
 1.00000000e+00]","[1.00000000e+00 1.06300000e+03 3.79107264e-01 5.26119080e-01
 9.00000000e+00 1.00000000e+00 1.00000000e+00 1.00000000e+00
 1.00000000e+00 0.00000000e+00 3.80000000e+01 2.00000000e+01
 1.00000000e+00]","[4.00000000e+00 1.21800000e+03 4.01780260e-01 7.27268949e-01
 1.00000000e+01 1.00000000e+00 0.00000000e+00 0.00000000e+00
 1.00000000e+00 0.00000000e+00 6.70000000e+01 3.50000000e+01
 1.00000000e+00]","[1.00000000e+00 1.04500000e+03 4.49367817e-01 4.79930861e-01
 8.00000000e+00 1.00000000e+00 0.00000000e+00 0.00000000e+00
 1.00000000e+00 2.00000000e+00 4.20000000e+01 1.00000000e+01
 1.00000000e+00]","[4.00000000e+00 3.55200000e+03 7.76592656e-01 2.43817126e-01
 1.10000000e+01 1.00000000e+00 0.00000000e+00 0.00000000e+00
 1.00000000e+00 1.00000000e+00 5.90000000e+01 6.20000000e+01
 1.00000000e+00]","[3.00000000e+00 1.11100000e+03 3.71704686e-01 2.72486700e-01
 8.00000000e+00 1.00000000e+00 1.00000000e+00 0.00000000e+00
 1.00000000e+00 1.00000000e+00 4.80000000e+01 3.60000000e+01
 0.00000000e+00]","[3.00000000e+00 1.02400000e+03 4.21531679e-01 3.55846690e-01
 2.00000000e+00 1.00000000e+00 0.00000000e+00 1.00000000e+00
 1.00000000e+00 1.00000000e+00 4.30000000e+01 4.90000000e+01
 1.00000000e+00]","[1.00000000e+00 1.77700000e+03 6.45572005e-01 6.54787852e-01
 1.00000000e+01 1.00000000e+00 1.00000000e+00 0.00000000e+00
 1.00000000e+00 1.00000000e+00 4.70000000e+01 5.40000000e+01
 1.00000000e+00]","[3.00000000e+00 1.05900000e+03 5.20309917e-01 3.90545210e-01
 1.00000000e+01 1.00000000e+00 0.00000000e+00 1.00000000e+00
 1.00000000e+00 1.00000000e+00 1.80000000e+01 5.10000000e+01
 1.00000000e+00]","[4.00000000e+00 2.95300000e+03 2.81485120e-01 6.50580133e-01
 8.00000000e+00 1.00000000e+00 0.00000000e+00 1.00000000e+00
 1.00000000e+00 0.00000000e+00 4.60000000e+01 4.70000000e+01
 1.00000000e+00]","[3.00000000e+00 1.02400000e+03 3.39547422e-01 2.96020812e-01
 4.00000000e+00 1.00000000e+00 0.00000000e+00 1.00000000e+00
 1.00000000e+00 0.00000000e+00 5.20000000e+01 2.50000000e+01
 0.00000000e+00]","[3.00000000e+00 1.51100000e+03 6.69055806e-01 9.00000000e-01
 1.10000000e+01 1.00000000e+00 1.00000000e+00 1.00000000e+00
 1.00000000e+00 0.00000000e+00 8.00000000e+00 3.30000000e+01
 0.00000000e+00]","[3.00000000e+00 1.02400000e+03 4.21531679e-01 3.55846690e-01
 2.00000000e+00 1.00000000e+00 0.00000000e+00 1.00000000e+00
 1.00000000e+00 1.00000000e+00 4.30000000e+01 4.90000000e+01
 1.00000000e+00]","[4.00000000e+00 1.21800000e+03 4.01780260e-01 7.27268949e-01
 1.00000000e+01 1.00000000e+00 0.00000000e+00 0.00000000e+00
 1.00000000e+00 0.00000000e+00 6.70000000e+01 3.50000000e+01
 1.00000000e+00]","[4.00000000e+00 1.21800000e+03 4.01780260e-01 7.27268949e-01
 1.00000000e+01 1.00000000e+00 0.00000000e+00 0.00000000e+00
 1.00000000e+00 0.00000000e+00 6.70000000e+01 3.50000000e+01
 1.00000000e+00]","[4.00000000e+00 1.42700000e+03 8.54765053e-01 3.60701438e-01
 5.00000000e+00 1.00000000e+00 1.00000000e+00 0.00000000e+00
 1.00000000e+00 1.00000000e+00 2.50000000e+01 1.80000000e+01
 1.00000000e+00]","[3.00000000e+00 1.05900000e+03 5.20309917e-01 3.90545210e-01
 1.00000000e+01 1.00000000e+00 0.00000000e+00 1.00000000e+00
 1.00000000e+00 1.00000000e+00 1.80000000e+01 5.10000000e+01
 1.00000000e+00]","[4.00000000e+00 2.20200000e+03 6.72452205e-01 6.42682051e-01
 1.20000000e+01 1.00000000e+00 0.00000000e+00 1.00000000e+00
 1.00000000e+00 1.00000000e+00 4.00000000e+01 4.50000000e+01
 0.00000000e+00]","[3.00000000e+00 1.05900000e+03 5.20309917e-01 3.90545210e-01
 1.00000000e+01 1.00000000e+00 0.00000000e+00 1.00000000e+00
 1.00000000e+00 1.00000000e+00 1.80000000e+01 5.10000000e+01
 1.00000000e+00]","[2.00000000e+00 3.07800000e+03 1.50716417e-01 6.96975495e-01
 3.00000000e+00 1.00000000e+00 1.00000000e+00 1.00000000e+00
 1.00000000e+00 1.00000000e+00 1.30000000e+01 3.00000000e+01
 1.00000000e+00]","[2.00000000e+00 1.02600000e+03 1.20519898e-01 1.49541420e-01
 5.00000000e+00 1.00000000e+00 0.00000000e+00 0.00000000e+00
 1.00000000e+00 1.00000000e+00 9.00000000e+00 3.10000000e+01
 0.00000000e+00]","[3.00000000e+00 1.11100000e+03 3.71704686e-01 2.72486700e-01
 8.00000000e+00 1.00000000e+00 1.00000000e+00 0.00000000e+00
 1.00000000e+00 1.00000000e+00 4.80000000e+01 3.60000000e+01
 0.00000000e+00]","[4.00000000e+00 2.20200000e+03 6.72452205e-01 6.42682051e-01
 1.20000000e+01 1.00000000e+00 0.00000000e+00 1.00000000e+00
 1.00000000e+00 1.00000000e+00 4.00000000e+01 4.50000000e+01
 0.00000000e+00]","[4.00000000e+00 1.21800000e+03 4.01780260e-01 7.27268949e-01
 1.00000000e+01 1.00000000e+00 0.00000000e+00 0.00000000e+00
 1.00000000e+00 0.00000000e+00 6.70000000e+01 3.50000000e+01
 1.00000000e+00]","[3.00000000e+00 1.31900000e+03 6.66849747e-01 6.42701434e-01
 5.00000000e+00 1.00000000e+00 1.00000000e+00 1.00000000e+00
 1.00000000e+00 2.00000000e+00 6.20000000e+01 4.90000000e+01
 0.00000000e+00]","[4.00000000e+00 1.21800000e+03 4.01780260e-01 7.27268949e-01
 1.00000000e+01 1.00000000e+00 0.00000000e+00 0.00000000e+00
 1.00000000e+00 0.00000000e+00 6.70000000e+01 3.50000000e+01
 1.00000000e+00]","[4.00000000e+00 2.20200000e+03 6.72452205e-01 6.42682051e-01
 1.20000000e+01 1.00000000e+00 0.00000000e+00 1.00000000e+00
 1.00000000e+00 1.00000000e+00 4.00000000e+01 4.50000000e+01
 0.00000000e+00]","[4.00000000e+00 5.52000000e+02 4.38944324e-01 6.91620653e-01
 5.00000000e+00 0.00000000e+00 1.00000000e+00 0.00000000e+00
 1.00000000e+00 1.00000000e+00 6.60000000e+01 5.40000000e+01
 1.00000000e+00]","[4.00000000e+00 2.95300000e+03 2.81485120e-01 6.50580133e-01
 8.00000000e+00 1.00000000e+00 0.00000000e+00 1.00000000e+00
 1.00000000e+00 0.00000000e+00 4.60000000e+01 4.70000000e+01
 1.00000000e+00]","[4.00000000e+00 1.02400000e+03 3.73612795e-01 9.00000000e-01
 1.20000000e+01 1.00000000e+00 0.00000000e+00 1.00000000e+00
 1.00000000e+00 0.00000000e+00 4.00000000e+01 8.00000000e+00
 0.00000000e+00]","[3.00000000e+00 1.05900000e+03 5.20309917e-01 3.90545210e-01
 1.00000000e+01 1.00000000e+00 0.00000000e+00 1.00000000e+00
 1.00000000e+00 1.00000000e+00 1.80000000e+01 5.10000000e+01
 1.00000000e+00]","[4.00000000e+00 2.20200000e+03 6.72452205e-01 6.42682051e-01
 1.20000000e+01 1.00000000e+00 0.00000000e+00 1.00000000e+00
 1.00000000e+00 1.00000000e+00 4.00000000e+01 4.50000000e+01
 0.00000000e+00]","[4.00000000e+00 1.12100000e+03 8.16959153e-01 2.46848391e-01
 1.20000000e+01 1.00000000e+00 1.00000000e+00 1.00000000e+00
 1.00000000e+00 1.00000000e+00 1.20000000e+01 3.80000000e+01
 0.00000000e+00]","[3.00000000e+00 1.02400000e+03 3.39547422e-01 2.96020812e-01
 4.00000000e+00 1.00000000e+00 0.00000000e+00 1.00000000e+00
 1.00000000e+00 0.00000000e+00 5.20000000e+01 2.50000000e+01
 0.00000000e+00]","[4.00000000e+00 1.24000000e+03 6.80278111e-01 3.08771699e-01
 1.20000000e+01 1.00000000e+00 1.00000000e+00 1.00000000e+00
 1.00000000e+00 1.00000000e+00 1.00000000e+01 2.80000000e+01
 0.00000000e+00]","[3.00000000e+00 1.05900000e+03 5.20309917e-01 3.90545210e-01
 1.00000000e+01 1.00000000e+00 0.00000000e+00 1.00000000e+00
 1.00000000e+00 1.00000000e+00 1.80000000e+01 5.10000000e+01
 1.00000000e+00]","[4.00000000e+00 1.42700000e+03 8.54765053e-01 3.60701438e-01
 5.00000000e+00 1.00000000e+00 1.00000000e+00 0.00000000e+00
 1.00000000e+00 1.00000000e+00 2.50000000e+01 1.80000000e+01
 1.00000000e+00]","[1.00000000e+00 1.77700000e+03 6.45572005e-01 6.54787852e-01
 1.00000000e+01 1.00000000e+00 1.00000000e+00 0.00000000e+00
 1.00000000e+00 1.00000000e+00 4.70000000e+01 5.40000000e+01
 1.00000000e+00]","[3.00000000e+00 1.47500000e+03 7.41414628e-01 7.38115004e-01
 1.00000000e+01 1.00000000e+00 0.00000000e+00 1.00000000e+00
 1.00000000e+00 2.00000000e+00 3.70000000e+01 2.60000000e+01
 1.00000000e+00]","[4.00000000e+00 1.21800000e+03 4.01780260e-01 7.27268949e-01
 1.00000000e+01 1.00000000e+00 0.00000000e+00 0.00000000e+00
 1.00000000e+00 0.00000000e+00 6.70000000e+01 3.50000000e+01
 1.00000000e+00]","[3.00000000e+00 1.05900000e+03 5.20309917e-01 3.90545210e-01
 1.00000000e+01 1.00000000e+00 0.00000000e+00 1.00000000e+00
 1.00000000e+00 1.00000000e+00 1.80000000e+01 5.10000000e+01
 1.00000000e+00]","[4.00000000e+00 1.42700000e+03 8.54765053e-01 3.60701438e-01
 5.00000000e+00 1.00000000e+00 1.00000000e+00 0.00000000e+00
 1.00000000e+00 1.00000000e+00 2.50000000e+01 1.80000000e+01
 1.00000000e+00]","[4.00000000e+00 1.02400000e+03 9.00000000e-01 6.94457256e-01
 7.00000000e+00 1.00000000e+00 1.00000000e+00 0.00000000e+00
 1.00000000e+00 1.00000000e+00 1.80000000e+01 6.40000000e+01
 0.00000000e+00]","[3.00000000e+00 1.82800000e+03 2.78800981e-01 8.41088039e-01
 6.00000000e+00 1.00000000e+00 0.00000000e+00 1.00000000e+00
 1.00000000e+00 2.00000000e+00 6.30000000e+01 6.00000000e+01
 0.00000000e+00]","[3.00000000e+00 5.28000000e+02 3.09622765e-01 8.17350983e-01
 7.00000000e+00 1.00000000e+00 0.00000000e+00 1.00000000e+00
 1.00000000e+00 2.00000000e+00 4.40000000e+01 8.00000000e+00
 0.00000000e+00]","[3.00000000e+00 2.35400000e+03 4.84414785e-01 3.66238180e-01
 7.00000000e+00 1.00000000e+00 0.00000000e+00 0.00000000e+00
 1.00000000e+00 1.00000000e+00 5.80000000e+01 3.40000000e+01
 0.00000000e+00]","[4.00000000e+00 3.16400000e+03 4.59321106e-01 1.02741387e-01
 4.00000000e+00 1.00000000e+00 0.00000000e+00 0.00000000e+00
 1.00000000e+00 2.00000000e+00 7.50000000e+01 4.50000000e+01
 1.00000000e+00]","[4.00000000e+00 1.42700000e+03 8.54765053e-01 3.60701438e-01
 5.00000000e+00 1.00000000e+00 1.00000000e+00 0.00000000e+00
 1.00000000e+00 1.00000000e+00 2.50000000e+01 1.80000000e+01
 1.00000000e+00]","[2.00000000e+00 1.57600000e+03 2.81580705e-01 6.95152210e-01
 1.10000000e+01 1.00000000e+00 0.00000000e+00 0.00000000e+00
 1.00000000e+00 0.00000000e+00 5.60000000e+01 5.70000000e+01
 0.00000000e+00]","[4.00000000e+00 1.21800000e+03 4.01780260e-01 7.27268949e-01
 1.00000000e+01 1.00000000e+00 0.00000000e+00 0.00000000e+00
 1.00000000e+00 0.00000000e+00 6.70000000e+01 3.50000000e+01
 1.00000000e+00]","[2.00000000e+00 1.57600000e+03 2.81580705e-01 6.95152210e-01
 1.10000000e+01 1.00000000e+00 0.00000000e+00 0.00000000e+00
 1.00000000e+00 0.00000000e+00 5.60000000e+01 5.70000000e+01
 0.00000000e+00]","[4.00000000e+00 1.04200000e+03 2.03033054e-01 8.16365028e-01
 1.20000000e+01 1.00000000e+00 1.00000000e+00 1.00000000e+00
 1.00000000e+00 2.00000000e+00 3.80000000e+01 5.20000000e+01
 1.00000000e+00]","[4.00000000e+00 1.04200000e+03 2.03033054e-01 8.16365028e-01
 1.20000000e+01 1.00000000e+00 1.00000000e+00 1.00000000e+00
 1.00000000e+00 2.00000000e+00 3.80000000e+01 5.20000000e+01
 1.00000000e+00]","[4.00000000e+00 1.42700000e+03 8.54765053e-01 3.60701438e-01
 5.00000000e+00 1.00000000e+00 1.00000000e+00 0.00000000e+00
 1.00000000e+00 1.00000000e+00 2.50000000e+01 1.80000000e+01
 1.00000000e+00]","[  3.         567.           0.85845357   0.71420342   1.
   1.           1.           0.           1.           2.
  41.          11.           0.        ]","[4.00000000e+00 2.95300000e+03 2.81485120e-01 6.50580133e-01
 8.00000000e+00 1.00000000e+00 0.00000000e+00 1.00000000e+00
 1.00000000e+00 0.00000000e+00 4.60000000e+01 4.70000000e+01
 1.00000000e+00]","[4.00000000e+00 1.04200000e+03 2.03033054e-01 8.16365028e-01
 1.20000000e+01 1.00000000e+00 1.00000000e+00 1.00000000e+00
 1.00000000e+00 2.00000000e+00 3.80000000e+01 5.20000000e+01
 1.00000000e+00]","[4.00000000e+00 1.42700000e+03 8.54765053e-01 3.60701438e-01
 5.00000000e+00 1.00000000e+00 1.00000000e+00 0.00000000e+00
 1.00000000e+00 1.00000000e+00 2.50000000e+01 1.80000000e+01
 1.00000000e+00]","[3.00000000e+00 1.57300000e+03 3.38997559e-01 3.92657970e-01
 7.00000000e+00 1.00000000e+00 1.00000000e+00 1.00000000e+00
 1.00000000e+00 1.00000000e+00 6.20000000e+01 3.20000000e+01
 0.00000000e+00]","[3.00000000e+00 1.24300000e+03 6.59640493e-01 6.70620867e-01
 6.00000000e+00 1.00000000e+00 1.00000000e+00 1.00000000e+00
 1.00000000e+00 1.00000000e+00 6.10000000e+01 4.70000000e+01
 0.00000000e+00]","[1.00000000e+00 1.77700000e+03 6.45572005e-01 6.54787852e-01
 1.00000000e+01 1.00000000e+00 1.00000000e+00 0.00000000e+00
 1.00000000e+00 1.00000000e+00 4.70000000e+01 5.40000000e+01
 1.00000000e+00]","[4.00000000e+00 1.21800000e+03 4.01780260e-01 7.27268949e-01
 1.00000000e+01 1.00000000e+00 0.00000000e+00 0.00000000e+00
 1.00000000e+00 0.00000000e+00 6.70000000e+01 3.50000000e+01
 1.00000000e+00]","[4.00000000e+00 1.42700000e+03 8.54765053e-01 3.60701438e-01
 5.00000000e+00 1.00000000e+00 1.00000000e+00 0.00000000e+00
 1.00000000e+00 1.00000000e+00 2.50000000e+01 1.80000000e+01
 1.00000000e+00]","[3.00000000e+00 1.57300000e+03 3.38997559e-01 3.92657970e-01
 7.00000000e+00 1.00000000e+00 1.00000000e+00 1.00000000e+00
 1.00000000e+00 1.00000000e+00 6.20000000e+01 3.20000000e+01
 0.00000000e+00]","[4.00000000e+00 2.95300000e+03 2.81485120e-01 6.50580133e-01
 8.00000000e+00 1.00000000e+00 0.00000000e+00 1.00000000e+00
 1.00000000e+00 0.00000000e+00 4.60000000e+01 4.70000000e+01
 1.00000000e+00]","[4.00000000e+00 3.55200000e+03 7.76592656e-01 2.43817126e-01
 1.10000000e+01 1.00000000e+00 0.00000000e+00 0.00000000e+00
 1.00000000e+00 1.00000000e+00 5.90000000e+01 6.20000000e+01
 1.00000000e+00]","[4.00000000e+00 1.21800000e+03 4.01780260e-01 7.27268949e-01
 1.00000000e+01 1.00000000e+00 0.00000000e+00 0.00000000e+00
 1.00000000e+00 0.00000000e+00 6.70000000e+01 3.50000000e+01
 1.00000000e+00]","[3.00000000e+00 1.05900000e+03 5.20309917e-01 3.90545210e-01
 1.00000000e+01 1.00000000e+00 0.00000000e+00 1.00000000e+00
 1.00000000e+00 1.00000000e+00 1.80000000e+01 5.10000000e+01
 1.00000000e+00]","[1.00000000e+00 1.77700000e+03 6.45572005e-01 6.54787852e-01
 1.00000000e+01 1.00000000e+00 1.00000000e+00 0.00000000e+00
 1.00000000e+00 1.00000000e+00 4.70000000e+01 5.40000000e+01
 1.00000000e+00]","[4.00000000e+00 1.21800000e+03 4.01780260e-01 7.27268949e-01
 1.00000000e+01 1.00000000e+00 0.00000000e+00 0.00000000e+00
 1.00000000e+00 0.00000000e+00 6.70000000e+01 3.50000000e+01
 1.00000000e+00]","[3.00000000e+00 1.39300000e+03 3.01064195e-01 4.05886824e-01
 7.00000000e+00 1.00000000e+00 1.00000000e+00 0.00000000e+00
 1.00000000e+00 1.00000000e+00 6.40000000e+01 3.00000000e+01
 0.00000000e+00]","[4.00000000e+00 1.21800000e+03 4.01780260e-01 7.27268949e-01
 1.00000000e+01 1.00000000e+00 0.00000000e+00 0.00000000e+00
 1.00000000e+00 0.00000000e+00 6.70000000e+01 3.50000000e+01
 1.00000000e+00]","[4.00000000e+00 2.20200000e+03 6.72452205e-01 6.42682051e-01
 1.20000000e+01 1.00000000e+00 0.00000000e+00 1.00000000e+00
 1.00000000e+00 1.00000000e+00 4.00000000e+01 4.50000000e+01
 0.00000000e+00]","[3.00000000e+00 1.39300000e+03 3.01064195e-01 4.05886824e-01
 7.00000000e+00 1.00000000e+00 1.00000000e+00 0.00000000e+00
 1.00000000e+00 1.00000000e+00 6.40000000e+01 3.00000000e+01
 0.00000000e+00]","[3.00000000e+00 9.94000000e+02 8.56821503e-01 7.83660337e-01
 1.20000000e+01 1.00000000e+00 0.00000000e+00 1.00000000e+00
 1.00000000e+00 2.00000000e+00 2.80000000e+01 3.80000000e+01
 1.00000000e+00]","[4.00000000e+00 2.49700000e+03 8.71671996e-01 7.74911621e-01
 3.00000000e+00 1.00000000e+00 1.00000000e+00 1.00000000e+00
 1.00000000e+00 1.00000000e+00 4.80000000e+01 2.90000000e+01
 1.00000000e+00]","[4.00000000e+00 1.21800000e+03 4.01780260e-01 7.27268949e-01
 1.00000000e+01 1.00000000e+00 0.00000000e+00 0.00000000e+00
 1.00000000e+00 0.00000000e+00 6.70000000e+01 3.50000000e+01
 1.00000000e+00]","[3.00000000e+00 1.02400000e+03 4.21531679e-01 3.55846690e-01
 2.00000000e+00 1.00000000e+00 0.00000000e+00 1.00000000e+00
 1.00000000e+00 1.00000000e+00 4.30000000e+01 4.90000000e+01
 1.00000000e+00]","[3.00000000e+00 1.05900000e+03 5.20309917e-01 3.90545210e-01
 1.00000000e+01 1.00000000e+00 0.00000000e+00 1.00000000e+00
 1.00000000e+00 1.00000000e+00 1.80000000e+01 5.10000000e+01
 1.00000000e+00]","[3.00000000e+00 1.39300000e+03 3.01064195e-01 4.05886824e-01
 7.00000000e+00 1.00000000e+00 1.00000000e+00 0.00000000e+00
 1.00000000e+00 1.00000000e+00 6.40000000e+01 3.00000000e+01
 0.00000000e+00]","[3.00000000e+00 3.20200000e+03 3.19001200e-01 6.45611612e-01
 8.00000000e+00 1.00000000e+00 0.00000000e+00 0.00000000e+00
 1.00000000e+00 2.00000000e+00 7.10000000e+01 2.00000000e+01
 0.00000000e+00]","[4.00000000e+00 1.02400000e+03 4.04204441e-01 6.33095882e-01
 1.10000000e+01 1.00000000e+00 0.00000000e+00 0.00000000e+00
 0.00000000e+00 2.00000000e+00 1.60000000e+01 6.40000000e+01
 1.00000000e+00]","[4.00000000e+00 1.21800000e+03 4.01780260e-01 7.27268949e-01
 1.00000000e+01 1.00000000e+00 0.00000000e+00 0.00000000e+00
 1.00000000e+00 0.00000000e+00 6.70000000e+01 3.50000000e+01
 1.00000000e+00]","[4.00000000e+00 2.79100000e+03 3.54756006e-01 6.56792791e-01
 1.20000000e+01 1.00000000e+00 1.00000000e+00 1.00000000e+00
 1.00000000e+00 2.00000000e+00 2.80000000e+01 4.50000000e+01
 1.00000000e+00]","[4.00000000e+00 1.04200000e+03 2.03033054e-01 8.16365028e-01
 1.20000000e+01 1.00000000e+00 1.00000000e+00 1.00000000e+00
 1.00000000e+00 2.00000000e+00 3.80000000e+01 5.20000000e+01
 1.00000000e+00]","[4.00000000e+00 1.24000000e+03 6.80278111e-01 3.08771699e-01
 1.20000000e+01 1.00000000e+00 1.00000000e+00 1.00000000e+00
 1.00000000e+00 1.00000000e+00 1.00000000e+01 2.80000000e+01
 0.00000000e+00]","[4.00000000e+00 1.21800000e+03 4.01780260e-01 7.27268949e-01
 1.00000000e+01 1.00000000e+00 0.00000000e+00 0.00000000e+00
 1.00000000e+00 0.00000000e+00 6.70000000e+01 3.50000000e+01
 1.00000000e+00]","[4.00000000e+00 1.42700000e+03 8.54765053e-01 3.60701438e-01
 5.00000000e+00 1.00000000e+00 1.00000000e+00 0.00000000e+00
 1.00000000e+00 1.00000000e+00 2.50000000e+01 1.80000000e+01
 1.00000000e+00]","[2.00000000e+00 2.24100000e+03 1.31941687e-01 7.27894068e-01
 1.00000000e+01 1.00000000e+00 0.00000000e+00 1.00000000e+00
 1.00000000e+00 1.00000000e+00 6.90000000e+01 1.90000000e+01
 0.00000000e+00]","[3.00000000e+00 1.02400000e+03 3.39547422e-01 2.96020812e-01
 4.00000000e+00 1.00000000e+00 0.00000000e+00 1.00000000e+00
 1.00000000e+00 0.00000000e+00 5.20000000e+01 2.50000000e+01
 0.00000000e+00]","[4.00000000e+00 1.21800000e+03 4.01780260e-01 7.27268949e-01
 1.00000000e+01 1.00000000e+00 0.00000000e+00 0.00000000e+00
 1.00000000e+00 0.00000000e+00 6.70000000e+01 3.50000000e+01
 1.00000000e+00]","[4.00000000e+00 1.04200000e+03 2.03033054e-01 8.16365028e-01
 1.20000000e+01 1.00000000e+00 1.00000000e+00 1.00000000e+00
 1.00000000e+00 2.00000000e+00 3.80000000e+01 5.20000000e+01
 1.00000000e+00]","[4.00000000e+00 9.42000000e+02 4.21461798e-01 1.98300262e-01
 9.00000000e+00 1.00000000e+00 0.00000000e+00 1.00000000e+00
 1.00000000e+00 0.00000000e+00 6.00000000e+01 8.00000000e+00
 1.00000000e+00]","[4.00000000e+00 2.76800000e+03 5.31612104e-01 5.35608192e-01
 1.10000000e+01 1.00000000e+00 0.00000000e+00 1.00000000e+00
 1.00000000e+00 1.00000000e+00 3.80000000e+01 2.90000000e+01
 1.00000000e+00]","[1.00000000e+00 1.77700000e+03 6.45572005e-01 6.54787852e-01
 1.00000000e+01 1.00000000e+00 1.00000000e+00 0.00000000e+00
 1.00000000e+00 1.00000000e+00 4.70000000e+01 5.40000000e+01
 1.00000000e+00]","[1.00000000e+00 1.77700000e+03 6.45572005e-01 6.54787852e-01
 1.00000000e+01 1.00000000e+00 1.00000000e+00 0.00000000e+00
 1.00000000e+00 1.00000000e+00 4.70000000e+01 5.40000000e+01
 1.00000000e+00]","[4.00000000e+00 2.49700000e+03 8.71671996e-01 7.74911621e-01
 3.00000000e+00 1.00000000e+00 1.00000000e+00 1.00000000e+00
 1.00000000e+00 1.00000000e+00 4.80000000e+01 2.90000000e+01
 1.00000000e+00]","[4.00000000e+00 1.42700000e+03 8.54765053e-01 3.60701438e-01
 5.00000000e+00 1.00000000e+00 1.00000000e+00 0.00000000e+00
 1.00000000e+00 1.00000000e+00 2.50000000e+01 1.80000000e+01
 1.00000000e+00]","[4.00000000e+00 2.79100000e+03 3.54756006e-01 6.56792791e-01
 1.20000000e+01 1.00000000e+00 1.00000000e+00 1.00000000e+00
 1.00000000e+00 2.00000000e+00 2.80000000e+01 4.50000000e+01
 1.00000000e+00]","[4.00000000e+00 1.04200000e+03 2.03033054e-01 8.16365028e-01
 1.20000000e+01 1.00000000e+00 1.00000000e+00 1.00000000e+00
 1.00000000e+00 2.00000000e+00 3.80000000e+01 5.20000000e+01
 1.00000000e+00]","[4.00000000e+00 5.52000000e+02 4.38944324e-01 6.91620653e-01
 5.00000000e+00 0.00000000e+00 1.00000000e+00 0.00000000e+00
 1.00000000e+00 1.00000000e+00 6.60000000e+01 5.40000000e+01
 1.00000000e+00]","[3.00000000e+00 1.02400000e+03 4.21531679e-01 3.55846690e-01
 2.00000000e+00 1.00000000e+00 0.00000000e+00 1.00000000e+00
 1.00000000e+00 1.00000000e+00 4.30000000e+01 4.90000000e+01
 1.00000000e+00]","[1.00000000e+00 1.77700000e+03 6.45572005e-01 6.54787852e-01
 1.00000000e+01 1.00000000e+00 1.00000000e+00 0.00000000e+00
 1.00000000e+00 1.00000000e+00 4.70000000e+01 5.40000000e+01
 1.00000000e+00]","[3.00000000e+00 1.82800000e+03 2.78800981e-01 8.41088039e-01
 6.00000000e+00 1.00000000e+00 0.00000000e+00 1.00000000e+00
 1.00000000e+00 2.00000000e+00 6.30000000e+01 6.00000000e+01
 0.00000000e+00]","[1.00000000e+00 1.77700000e+03 6.45572005e-01 6.54787852e-01
 1.00000000e+01 1.00000000e+00 1.00000000e+00 0.00000000e+00
 1.00000000e+00 1.00000000e+00 4.70000000e+01 5.40000000e+01
 1.00000000e+00]","[4.00000000e+00 1.42700000e+03 8.54765053e-01 3.60701438e-01
 5.00000000e+00 1.00000000e+00 1.00000000e+00 0.00000000e+00
 1.00000000e+00 1.00000000e+00 2.50000000e+01 1.80000000e+01
 1.00000000e+00]","[3.00000000e+00 9.94000000e+02 8.56821503e-01 7.83660337e-01
 1.20000000e+01 1.00000000e+00 0.00000000e+00 1.00000000e+00
 1.00000000e+00 2.00000000e+00 2.80000000e+01 3.80000000e+01
 1.00000000e+00]","[4.00000000e+00 2.79100000e+03 3.54756006e-01 6.56792791e-01
 1.20000000e+01 1.00000000e+00 1.00000000e+00 1.00000000e+00
 1.00000000e+00 2.00000000e+00 2.80000000e+01 4.50000000e+01
 1.00000000e+00]","[4.00000000e+00 2.31200000e+03 2.02652656e-01 7.93228855e-01
 6.00000000e+00 1.00000000e+00 0.00000000e+00 1.00000000e+00
 1.00000000e+00 2.00000000e+00 4.40000000e+01 1.70000000e+01
 1.00000000e+00]","[4.00000000e+00 1.42700000e+03 8.54765053e-01 3.60701438e-01
 5.00000000e+00 1.00000000e+00 1.00000000e+00 0.00000000e+00
 1.00000000e+00 1.00000000e+00 2.50000000e+01 1.80000000e+01
 1.00000000e+00]","[1.00000000e+00 1.06300000e+03 3.79107264e-01 5.26119080e-01
 9.00000000e+00 1.00000000e+00 1.00000000e+00 1.00000000e+00
 1.00000000e+00 0.00000000e+00 3.80000000e+01 2.00000000e+01
 1.00000000e+00]","[2.00000000e+00 7.99000000e+02 2.62942569e-01 5.45546002e-01
 5.00000000e+00 1.00000000e+00 0.00000000e+00 1.00000000e+00
 1.00000000e+00 2.00000000e+00 5.50000000e+01 2.70000000e+01
 1.00000000e+00]","[4.00000000e+00 1.02400000e+03 4.39586815e-01 3.36808614e-01
 1.00000000e+00 1.00000000e+00 0.00000000e+00 1.00000000e+00
 1.00000000e+00 0.00000000e+00 2.70000000e+01 6.40000000e+01
 1.00000000e+00]","[4.00000000e+00 2.79100000e+03 3.54756006e-01 6.56792791e-01
 1.20000000e+01 1.00000000e+00 1.00000000e+00 1.00000000e+00
 1.00000000e+00 2.00000000e+00 2.80000000e+01 4.50000000e+01
 1.00000000e+00]","[4.00000000e+00 2.79100000e+03 3.54756006e-01 6.56792791e-01
 1.20000000e+01 1.00000000e+00 1.00000000e+00 1.00000000e+00
 1.00000000e+00 2.00000000e+00 2.80000000e+01 4.50000000e+01
 1.00000000e+00]","[1.00000000e+00 1.77700000e+03 6.45572005e-01 6.54787852e-01
 1.00000000e+01 1.00000000e+00 1.00000000e+00 0.00000000e+00
 1.00000000e+00 1.00000000e+00 4.70000000e+01 5.40000000e+01
 1.00000000e+00]","[4.00000000e+00 1.21800000e+03 4.01780260e-01 7.27268949e-01
 1.00000000e+01 1.00000000e+00 0.00000000e+00 0.00000000e+00
 1.00000000e+00 0.00000000e+00 6.70000000e+01 3.50000000e+01
 1.00000000e+00]","[4.00000000e+00 1.21800000e+03 4.01780260e-01 7.27268949e-01
 1.00000000e+01 1.00000000e+00 0.00000000e+00 0.00000000e+00
 1.00000000e+00 0.00000000e+00 6.70000000e+01 3.50000000e+01
 1.00000000e+00]","[4.00000000e+00 1.23700000e+03 9.00000000e-01 5.30778194e-01
 1.00000000e+00 1.00000000e+00 1.00000000e+00 1.00000000e+00
 1.00000000e+00 2.00000000e+00 1.00000000e+01 1.20000000e+01
 0.00000000e+00]","[4.00000000e+00 1.42700000e+03 8.54765053e-01 3.60701438e-01
 5.00000000e+00 1.00000000e+00 1.00000000e+00 0.00000000e+00
 1.00000000e+00 1.00000000e+00 2.50000000e+01 1.80000000e+01
 1.00000000e+00]","[4.00000000e+00 1.04200000e+03 2.03033054e-01 8.16365028e-01
 1.20000000e+01 1.00000000e+00 1.00000000e+00 1.00000000e+00
 1.00000000e+00 2.00000000e+00 3.80000000e+01 5.20000000e+01
 1.00000000e+00]","[1.00000000e+00 1.77700000e+03 6.45572005e-01 6.54787852e-01
 1.00000000e+01 1.00000000e+00 1.00000000e+00 0.00000000e+00
 1.00000000e+00 1.00000000e+00 4.70000000e+01 5.40000000e+01
 1.00000000e+00]","[1.00000000e+00 1.06300000e+03 3.79107264e-01 5.26119080e-01
 9.00000000e+00 1.00000000e+00 1.00000000e+00 1.00000000e+00
 1.00000000e+00 0.00000000e+00 3.80000000e+01 2.00000000e+01
 1.00000000e+00]","[4.00000000e+00 1.42700000e+03 8.54765053e-01 3.60701438e-01
 5.00000000e+00 1.00000000e+00 1.00000000e+00 0.00000000e+00
 1.00000000e+00 1.00000000e+00 2.50000000e+01 1.80000000e+01
 1.00000000e+00]","[4.00000000e+00 1.42700000e+03 8.54765053e-01 3.60701438e-01
 5.00000000e+00 1.00000000e+00 1.00000000e+00 0.00000000e+00
 1.00000000e+00 1.00000000e+00 2.50000000e+01 1.80000000e+01
 1.00000000e+00]","[1.00000000e+00 1.06300000e+03 3.79107264e-01 5.26119080e-01
 9.00000000e+00 1.00000000e+00 1.00000000e+00 1.00000000e+00
 1.00000000e+00 0.00000000e+00 3.80000000e+01 2.00000000e+01
 1.00000000e+00]","[4.00000000e+00 3.16400000e+03 4.59321106e-01 1.02741387e-01
 4.00000000e+00 1.00000000e+00 0.00000000e+00 0.00000000e+00
 1.00000000e+00 2.00000000e+00 7.50000000e+01 4.50000000e+01
 1.00000000e+00]","[1.00000000e+00 1.06300000e+03 3.79107264e-01 5.26119080e-01
 9.00000000e+00 1.00000000e+00 1.00000000e+00 1.00000000e+00
 1.00000000e+00 0.00000000e+00 3.80000000e+01 2.00000000e+01
 1.00000000e+00]","[1.00000000e+00 1.06300000e+03 3.79107264e-01 5.26119080e-01
 9.00000000e+00 1.00000000e+00 1.00000000e+00 1.00000000e+00
 1.00000000e+00 0.00000000e+00 3.80000000e+01 2.00000000e+01
 1.00000000e+00]","[4.00000000e+00 2.31600000e+03 3.07965532e-01 6.84611027e-01
 1.20000000e+01 1.00000000e+00 0.00000000e+00 1.00000000e+00
 1.00000000e+00 2.00000000e+00 6.30000000e+01 1.10000000e+01
 1.00000000e+00]","[1.00000000e+00 1.06300000e+03 3.79107264e-01 5.26119080e-01
 9.00000000e+00 1.00000000e+00 1.00000000e+00 1.00000000e+00
 1.00000000e+00 0.00000000e+00 3.80000000e+01 2.00000000e+01
 1.00000000e+00]","[4.00000000e+00 2.95300000e+03 2.81485120e-01 6.50580133e-01
 8.00000000e+00 1.00000000e+00 0.00000000e+00 1.00000000e+00
 1.00000000e+00 0.00000000e+00 4.60000000e+01 4.70000000e+01
 1.00000000e+00]","[4.00000000e+00 1.02400000e+03 9.00000000e-01 4.93727183e-01
 1.00000000e+00 1.00000000e+00 1.00000000e+00 1.00000000e+00
 1.00000000e+00 1.00000000e+00 9.60000000e+01 1.80000000e+01
 1.00000000e+00]","[2.0000000e+00 2.9450000e+03 1.2947695e-01 1.9736209e-01 8.0000000e+00
 0.0000000e+00 1.0000000e+00 1.0000000e+00 1.0000000e+00 2.0000000e+00
 7.2000000e+01 2.7000000e+01 1.0000000e+00]","[1.00000000e+00 1.06300000e+03 3.79107264e-01 5.26119080e-01
 9.00000000e+00 1.00000000e+00 1.00000000e+00 1.00000000e+00
 1.00000000e+00 0.00000000e+00 3.80000000e+01 2.00000000e+01
 1.00000000e+00]","[4.00000000e+00 1.42700000e+03 8.54765053e-01 3.60701438e-01
 5.00000000e+00 1.00000000e+00 1.00000000e+00 0.00000000e+00
 1.00000000e+00 1.00000000e+00 2.50000000e+01 1.80000000e+01
 1.00000000e+00]","[4.00000000e+00 2.79100000e+03 3.54756006e-01 6.56792791e-01
 1.20000000e+01 1.00000000e+00 1.00000000e+00 1.00000000e+00
 1.00000000e+00 2.00000000e+00 2.80000000e+01 4.50000000e+01
 1.00000000e+00]","[2.00000000e+00 1.22000000e+03 4.71966914e-01 3.48489557e-01
 3.00000000e+00 1.00000000e+00 1.00000000e+00 1.00000000e+00
 1.00000000e+00 2.00000000e+00 4.10000000e+01 3.70000000e+01
 0.00000000e+00]","[3.00000000e+00 3.33100000e+03 6.57963254e-01 6.45596699e-01
 1.00000000e+00 1.00000000e+00 1.00000000e+00 1.00000000e+00
 0.00000000e+00 1.00000000e+00 1.00000000e+01 3.90000000e+01
 0.00000000e+00]","[1.00000000e+00 1.81200000e+03 8.06262703e-01 5.00720518e-01
 3.00000000e+00 1.00000000e+00 1.00000000e+00 1.00000000e+00
 0.00000000e+00 2.00000000e+00 6.10000000e+01 2.30000000e+01
 1.00000000e+00]","[4.00000000e+00 1.18500000e+03 4.91023464e-01 5.30088871e-01
 8.00000000e+00 0.00000000e+00 0.00000000e+00 1.00000000e+00
 1.00000000e+00 1.00000000e+00 2.00000000e+00 4.00000000e+01
 1.00000000e+00]","[1.00000000e+00 1.06300000e+03 3.79107264e-01 5.26119080e-01
 9.00000000e+00 1.00000000e+00 1.00000000e+00 1.00000000e+00
 1.00000000e+00 0.00000000e+00 3.80000000e+01 2.00000000e+01
 1.00000000e+00]","[3.00000000e+00 1.24300000e+03 6.59640493e-01 6.70620867e-01
 6.00000000e+00 1.00000000e+00 1.00000000e+00 1.00000000e+00
 1.00000000e+00 1.00000000e+00 6.10000000e+01 4.70000000e+01
 0.00000000e+00]","[4.00000000e+00 1.02400000e+03 9.00000000e-01 4.93727183e-01
 1.00000000e+00 1.00000000e+00 1.00000000e+00 1.00000000e+00
 1.00000000e+00 1.00000000e+00 9.60000000e+01 1.80000000e+01
 1.00000000e+00]","[3.00000000e+00 3.09400000e+03 5.67942273e-01 6.39070262e-01
 1.10000000e+01 0.00000000e+00 1.00000000e+00 1.00000000e+00
 1.00000000e+00 2.00000000e+00 5.10000000e+01 2.40000000e+01
 1.00000000e+00]","[3.00000000e+00 1.28200000e+03 6.43205670e-01 6.61793696e-01
 5.00000000e+00 1.00000000e+00 1.00000000e+00 1.00000000e+00
 1.00000000e+00 2.00000000e+00 6.30000000e+01 4.50000000e+01
 0.00000000e+00]","[1.00000000e+00 1.06300000e+03 3.79107264e-01 5.26119080e-01
 9.00000000e+00 1.00000000e+00 1.00000000e+00 1.00000000e+00
 1.00000000e+00 0.00000000e+00 3.80000000e+01 2.00000000e+01
 1.00000000e+00]","[1.00000000e+00 1.06300000e+03 3.79107264e-01 5.26119080e-01
 9.00000000e+00 1.00000000e+00 1.00000000e+00 1.00000000e+00
 1.00000000e+00 0.00000000e+00 3.80000000e+01 2.00000000e+01
 1.00000000e+00]","[4.00000000e+00 2.49700000e+03 8.71671996e-01 7.74911621e-01
 3.00000000e+00 1.00000000e+00 1.00000000e+00 1.00000000e+00
 1.00000000e+00 1.00000000e+00 4.80000000e+01 2.90000000e+01
 1.00000000e+00]","[3.00000000e+00 9.57000000e+02 8.99291530e-01 7.19266666e-01
 5.00000000e+00 1.00000000e+00 1.00000000e+00 1.00000000e+00
 1.00000000e+00 0.00000000e+00 3.10000000e+01 3.00000000e+01
 0.00000000e+00]","[4.00000000e+00 1.42700000e+03 8.54765053e-01 3.60701438e-01
 5.00000000e+00 1.00000000e+00 1.00000000e+00 0.00000000e+00
 1.00000000e+00 1.00000000e+00 2.50000000e+01 1.80000000e+01
 1.00000000e+00]","[4.00000000e+00 1.02400000e+03 9.00000000e-01 4.93727183e-01
 1.00000000e+00 1.00000000e+00 1.00000000e+00 1.00000000e+00
 1.00000000e+00 1.00000000e+00 9.60000000e+01 1.80000000e+01
 1.00000000e+00]","[4.00000000e+00 2.49700000e+03 8.71671996e-01 7.74911621e-01
 3.00000000e+00 1.00000000e+00 1.00000000e+00 1.00000000e+00
 1.00000000e+00 1.00000000e+00 4.80000000e+01 2.90000000e+01
 1.00000000e+00]","[4.00000000e+00 5.52000000e+02 4.38944324e-01 6.91620653e-01
 5.00000000e+00 0.00000000e+00 1.00000000e+00 0.00000000e+00
 1.00000000e+00 1.00000000e+00 6.60000000e+01 5.40000000e+01
 1.00000000e+00]","[4.00000000e+00 1.21800000e+03 4.01780260e-01 7.27268949e-01
 1.00000000e+01 1.00000000e+00 0.00000000e+00 0.00000000e+00
 1.00000000e+00 0.00000000e+00 6.70000000e+01 3.50000000e+01
 1.00000000e+00]","[1.00000000e+00 1.33200000e+03 4.59384908e-01 4.46355339e-01
 7.00000000e+00 0.00000000e+00 1.00000000e+00 1.00000000e+00
 1.00000000e+00 0.00000000e+00 7.90000000e+01 1.70000000e+01
 1.00000000e+00]","[4.00000000e+00 2.49700000e+03 8.71671996e-01 7.74911621e-01
 3.00000000e+00 1.00000000e+00 1.00000000e+00 1.00000000e+00
 1.00000000e+00 1.00000000e+00 4.80000000e+01 2.90000000e+01
 1.00000000e+00]","[1.00000000e+00 1.06300000e+03 3.79107264e-01 5.26119080e-01
 9.00000000e+00 1.00000000e+00 1.00000000e+00 1.00000000e+00
 1.00000000e+00 0.00000000e+00 3.80000000e+01 2.00000000e+01
 1.00000000e+00]","[2.00000000e+00 1.85000000e+03 8.25287149e-01 6.55447734e-01
 8.00000000e+00 0.00000000e+00 1.00000000e+00 1.00000000e+00
 1.00000000e+00 2.00000000e+00 1.40000000e+01 1.90000000e+01
 1.00000000e+00]","[  3.         569.           0.76872615   0.85570181   1.
   0.           1.           0.           1.           1.
  57.           8.           1.        ]","[4.00000000e+00 1.42700000e+03 8.54765053e-01 3.60701438e-01
 5.00000000e+00 1.00000000e+00 1.00000000e+00 0.00000000e+00
 1.00000000e+00 1.00000000e+00 2.50000000e+01 1.80000000e+01
 1.00000000e+00]","[1.00000000e+00 1.06300000e+03 3.79107264e-01 5.26119080e-01
 9.00000000e+00 1.00000000e+00 1.00000000e+00 1.00000000e+00
 1.00000000e+00 0.00000000e+00 3.80000000e+01 2.00000000e+01
 1.00000000e+00]","[4.00000000e+00 2.79100000e+03 3.54756006e-01 6.56792791e-01
 1.20000000e+01 1.00000000e+00 1.00000000e+00 1.00000000e+00
 1.00000000e+00 2.00000000e+00 2.80000000e+01 4.50000000e+01
 1.00000000e+00]","[4.00000000e+00 2.79100000e+03 3.54756006e-01 6.56792791e-01
 1.20000000e+01 1.00000000e+00 1.00000000e+00 1.00000000e+00
 1.00000000e+00 2.00000000e+00 2.80000000e+01 4.50000000e+01
 1.00000000e+00]","[4.00000000e+00 2.79100000e+03 3.54756006e-01 6.56792791e-01
 1.20000000e+01 1.00000000e+00 1.00000000e+00 1.00000000e+00
 1.00000000e+00 2.00000000e+00 2.80000000e+01 4.50000000e+01
 1.00000000e+00]","[3.00000000e+00 2.37400000e+03 1.07683793e-01 3.20476523e-01
 1.10000000e+01 1.00000000e+00 1.00000000e+00 0.00000000e+00
 1.00000000e+00 2.00000000e+00 4.70000000e+01 1.50000000e+01
 0.00000000e+00]","[3.00000000e+00 9.58000000e+02 5.72178871e-01 6.26789328e-01
 2.00000000e+00 1.00000000e+00 0.00000000e+00 1.00000000e+00
 1.00000000e+00 2.00000000e+00 7.70000000e+01 3.20000000e+01
 1.00000000e+00]","[4.00000000e+00 1.02400000e+03 9.00000000e-01 4.93727183e-01
 1.00000000e+00 1.00000000e+00 1.00000000e+00 1.00000000e+00
 1.00000000e+00 1.00000000e+00 9.60000000e+01 1.80000000e+01
 1.00000000e+00]","[4.00000000e+00 2.79100000e+03 3.54756006e-01 6.56792791e-01
 1.20000000e+01 1.00000000e+00 1.00000000e+00 1.00000000e+00
 1.00000000e+00 2.00000000e+00 2.80000000e+01 4.50000000e+01
 1.00000000e+00]","[4.00000000e+00 2.79100000e+03 3.54756006e-01 6.56792791e-01
 1.20000000e+01 1.00000000e+00 1.00000000e+00 1.00000000e+00
 1.00000000e+00 2.00000000e+00 2.80000000e+01 4.50000000e+01
 1.00000000e+00]","[4.00000000e+00 1.42700000e+03 8.54765053e-01 3.60701438e-01
 5.00000000e+00 1.00000000e+00 1.00000000e+00 0.00000000e+00
 1.00000000e+00 1.00000000e+00 2.50000000e+01 1.80000000e+01
 1.00000000e+00]","[4.00000000e+00 2.79100000e+03 3.54756006e-01 6.56792791e-01
 1.20000000e+01 1.00000000e+00 1.00000000e+00 1.00000000e+00
 1.00000000e+00 2.00000000e+00 2.80000000e+01 4.50000000e+01
 1.00000000e+00]","[4.00000000e+00 2.49700000e+03 8.71671996e-01 7.74911621e-01
 3.00000000e+00 1.00000000e+00 1.00000000e+00 1.00000000e+00
 1.00000000e+00 1.00000000e+00 4.80000000e+01 2.90000000e+01
 1.00000000e+00]","[4.00000000e+00 2.79100000e+03 3.54756006e-01 6.56792791e-01
 1.20000000e+01 1.00000000e+00 1.00000000e+00 1.00000000e+00
 1.00000000e+00 2.00000000e+00 2.80000000e+01 4.50000000e+01
 1.00000000e+00]","[1.00000000e+00 1.06300000e+03 3.79107264e-01 5.26119080e-01
 9.00000000e+00 1.00000000e+00 1.00000000e+00 1.00000000e+00
 1.00000000e+00 0.00000000e+00 3.80000000e+01 2.00000000e+01
 1.00000000e+00]","[2.00000000e+00 3.21100000e+03 5.12524239e-01 4.82596603e-01
 1.10000000e+01 0.00000000e+00 1.00000000e+00 0.00000000e+00
 1.00000000e+00 0.00000000e+00 3.40000000e+01 4.90000000e+01
 1.00000000e+00]","[4.00000000e+00 2.49700000e+03 8.71671996e-01 7.74911621e-01
 3.00000000e+00 1.00000000e+00 1.00000000e+00 1.00000000e+00
 1.00000000e+00 1.00000000e+00 4.80000000e+01 2.90000000e+01
 1.00000000e+00]","[4.00000000e+00 2.49700000e+03 8.71671996e-01 7.74911621e-01
 3.00000000e+00 1.00000000e+00 1.00000000e+00 1.00000000e+00
 1.00000000e+00 1.00000000e+00 4.80000000e+01 2.90000000e+01
 1.00000000e+00]","[3.00000000e+00 1.81200000e+03 6.76816990e-01 4.11282003e-01
 1.20000000e+01 0.00000000e+00 1.00000000e+00 1.00000000e+00
 1.00000000e+00 1.00000000e+00 4.00000000e+01 5.20000000e+01
 1.00000000e+00]","[4.00000000e+00 2.79100000e+03 3.54756006e-01 6.56792791e-01
 1.20000000e+01 1.00000000e+00 1.00000000e+00 1.00000000e+00
 1.00000000e+00 2.00000000e+00 2.80000000e+01 4.50000000e+01
 1.00000000e+00]","[4.00000000e+00 2.79100000e+03 3.54756006e-01 6.56792791e-01
 1.20000000e+01 1.00000000e+00 1.00000000e+00 1.00000000e+00
 1.00000000e+00 2.00000000e+00 2.80000000e+01 4.50000000e+01
 1.00000000e+00]","[4.00000000e+00 1.02400000e+03 9.00000000e-01 4.93727183e-01
 1.00000000e+00 1.00000000e+00 1.00000000e+00 1.00000000e+00
 1.00000000e+00 1.00000000e+00 9.60000000e+01 1.80000000e+01
 1.00000000e+00]","[4.00000000e+00 2.49700000e+03 8.71671996e-01 7.74911621e-01
 3.00000000e+00 1.00000000e+00 1.00000000e+00 1.00000000e+00
 1.00000000e+00 1.00000000e+00 4.80000000e+01 2.90000000e+01
 1.00000000e+00]","[4.00000000e+00 2.79100000e+03 3.54756006e-01 6.56792791e-01
 1.20000000e+01 1.00000000e+00 1.00000000e+00 1.00000000e+00
 1.00000000e+00 2.00000000e+00 2.80000000e+01 4.50000000e+01
 1.00000000e+00]","[4.00000000e+00 2.79100000e+03 3.54756006e-01 6.56792791e-01
 1.20000000e+01 1.00000000e+00 1.00000000e+00 1.00000000e+00
 1.00000000e+00 2.00000000e+00 2.80000000e+01 4.50000000e+01
 1.00000000e+00]","[4.0000000e+00 1.7300000e+03 7.5036653e-01 7.6219543e-01 2.0000000e+00
 0.0000000e+00 1.0000000e+00 1.0000000e+00 1.0000000e+00 0.0000000e+00
 1.4000000e+01 4.0000000e+01 1.0000000e+00]","[4.00000000e+00 2.79100000e+03 3.54756006e-01 6.56792791e-01
 1.20000000e+01 1.00000000e+00 1.00000000e+00 1.00000000e+00
 1.00000000e+00 2.00000000e+00 2.80000000e+01 4.50000000e+01
 1.00000000e+00]","[4.00000000e+00 2.79100000e+03 3.54756006e-01 6.56792791e-01
 1.20000000e+01 1.00000000e+00 1.00000000e+00 1.00000000e+00
 1.00000000e+00 2.00000000e+00 2.80000000e+01 4.50000000e+01
 1.00000000e+00]","[2.00000000e+00 3.07800000e+03 1.50716417e-01 6.96975495e-01
 3.00000000e+00 1.00000000e+00 1.00000000e+00 1.00000000e+00
 1.00000000e+00 1.00000000e+00 1.30000000e+01 3.00000000e+01
 1.00000000e+00]","[3.00000000e+00 1.81200000e+03 6.76816990e-01 4.11282003e-01
 1.20000000e+01 0.00000000e+00 1.00000000e+00 1.00000000e+00
 1.00000000e+00 1.00000000e+00 4.00000000e+01 5.20000000e+01
 1.00000000e+00]","[4.00000000e+00 5.52000000e+02 4.38944324e-01 6.91620653e-01
 5.00000000e+00 0.00000000e+00 1.00000000e+00 0.00000000e+00
 1.00000000e+00 1.00000000e+00 6.60000000e+01 5.40000000e+01
 1.00000000e+00]","[4.00000000e+00 1.42700000e+03 8.54765053e-01 3.60701438e-01
 5.00000000e+00 1.00000000e+00 1.00000000e+00 0.00000000e+00
 1.00000000e+00 1.00000000e+00 2.50000000e+01 1.80000000e+01
 1.00000000e+00]","[4.00000000e+00 5.52000000e+02 4.38944324e-01 6.91620653e-01
 5.00000000e+00 0.00000000e+00 1.00000000e+00 0.00000000e+00
 1.00000000e+00 1.00000000e+00 6.60000000e+01 5.40000000e+01
 1.00000000e+00]","[4.00000000e+00 2.79100000e+03 3.54756006e-01 6.56792791e-01
 1.20000000e+01 1.00000000e+00 1.00000000e+00 1.00000000e+00
 1.00000000e+00 2.00000000e+00 2.80000000e+01 4.50000000e+01
 1.00000000e+00]","[4.00000000e+00 2.79100000e+03 3.54756006e-01 6.56792791e-01
 1.20000000e+01 1.00000000e+00 1.00000000e+00 1.00000000e+00
 1.00000000e+00 2.00000000e+00 2.80000000e+01 4.50000000e+01
 1.00000000e+00]","[3.00000000e+00 1.81200000e+03 6.76816990e-01 4.11282003e-01
 1.20000000e+01 0.00000000e+00 1.00000000e+00 1.00000000e+00
 1.00000000e+00 1.00000000e+00 4.00000000e+01 5.20000000e+01
 1.00000000e+00]","[4.00000000e+00 2.79100000e+03 3.54756006e-01 6.56792791e-01
 1.20000000e+01 1.00000000e+00 1.00000000e+00 1.00000000e+00
 1.00000000e+00 2.00000000e+00 2.80000000e+01 4.50000000e+01
 1.00000000e+00]","[4.00000000e+00 1.42700000e+03 8.54765053e-01 3.60701438e-01
 5.00000000e+00 1.00000000e+00 1.00000000e+00 0.00000000e+00
 1.00000000e+00 1.00000000e+00 2.50000000e+01 1.80000000e+01
 1.00000000e+00]","[4.00000000e+00 2.79100000e+03 3.54756006e-01 6.56792791e-01
 1.20000000e+01 1.00000000e+00 1.00000000e+00 1.00000000e+00
 1.00000000e+00 2.00000000e+00 2.80000000e+01 4.50000000e+01
 1.00000000e+00]","[4.00000000e+00 2.79100000e+03 3.54756006e-01 6.56792791e-01
 1.20000000e+01 1.00000000e+00 1.00000000e+00 1.00000000e+00
 1.00000000e+00 2.00000000e+00 2.80000000e+01 4.50000000e+01
 1.00000000e+00]","[4.00000000e+00 2.79100000e+03 3.54756006e-01 6.56792791e-01
 1.20000000e+01 1.00000000e+00 1.00000000e+00 1.00000000e+00
 1.00000000e+00 2.00000000e+00 2.80000000e+01 4.50000000e+01
 1.00000000e+00]","[4.00000000e+00 1.42700000e+03 8.54765053e-01 3.60701438e-01
 5.00000000e+00 1.00000000e+00 1.00000000e+00 0.00000000e+00
 1.00000000e+00 1.00000000e+00 2.50000000e+01 1.80000000e+01
 1.00000000e+00]","[3.00000000e+00 1.71300000e+03 7.15743482e-01 4.05979370e-01
 3.00000000e+00 1.00000000e+00 0.00000000e+00 1.00000000e+00
 1.00000000e+00 2.00000000e+00 6.20000000e+01 6.00000000e+01
 1.00000000e+00]","[4.00000000e+00 2.76800000e+03 5.31612104e-01 5.35608192e-01
 1.10000000e+01 1.00000000e+00 0.00000000e+00 1.00000000e+00
 1.00000000e+00 1.00000000e+00 3.80000000e+01 2.90000000e+01
 1.00000000e+00]","[4.00000000e+00 1.04200000e+03 2.03033054e-01 8.16365028e-01
 1.20000000e+01 1.00000000e+00 1.00000000e+00 1.00000000e+00
 1.00000000e+00 2.00000000e+00 3.80000000e+01 5.20000000e+01
 1.00000000e+00]","[3.00000000e+00 1.57300000e+03 3.38997559e-01 3.92657970e-01
 7.00000000e+00 1.00000000e+00 1.00000000e+00 1.00000000e+00
 1.00000000e+00 1.00000000e+00 6.20000000e+01 3.20000000e+01
 0.00000000e+00]","[4.00000000e+00 2.79100000e+03 3.54756006e-01 6.56792791e-01
 1.20000000e+01 1.00000000e+00 1.00000000e+00 1.00000000e+00
 1.00000000e+00 2.00000000e+00 2.80000000e+01 4.50000000e+01
 1.00000000e+00]","[4.00000000e+00 2.79100000e+03 3.54756006e-01 6.56792791e-01
 1.20000000e+01 1.00000000e+00 1.00000000e+00 1.00000000e+00
 1.00000000e+00 2.00000000e+00 2.80000000e+01 4.50000000e+01
 1.00000000e+00]","[4.0000000e+00 1.7300000e+03 7.5036653e-01 7.6219543e-01 2.0000000e+00
 0.0000000e+00 1.0000000e+00 1.0000000e+00 1.0000000e+00 0.0000000e+00
 1.4000000e+01 4.0000000e+01 1.0000000e+00]","[1.00000000e+00 1.06300000e+03 3.79107264e-01 5.26119080e-01
 9.00000000e+00 1.00000000e+00 1.00000000e+00 1.00000000e+00
 1.00000000e+00 0.00000000e+00 3.80000000e+01 2.00000000e+01
 1.00000000e+00]","[4.00000000e+00 2.49700000e+03 8.71671996e-01 7.74911621e-01
 3.00000000e+00 1.00000000e+00 1.00000000e+00 1.00000000e+00
 1.00000000e+00 1.00000000e+00 4.80000000e+01 2.90000000e+01
 1.00000000e+00]","[2.00000000e+00 3.07800000e+03 1.50716417e-01 6.96975495e-01
 3.00000000e+00 1.00000000e+00 1.00000000e+00 1.00000000e+00
 1.00000000e+00 1.00000000e+00 1.30000000e+01 3.00000000e+01
 1.00000000e+00]","[3.00000000e+00 1.81200000e+03 6.76816990e-01 4.11282003e-01
 1.20000000e+01 0.00000000e+00 1.00000000e+00 1.00000000e+00
 1.00000000e+00 1.00000000e+00 4.00000000e+01 5.20000000e+01
 1.00000000e+00]","[4.00000000e+00 1.02400000e+03 9.00000000e-01 4.93727183e-01
 1.00000000e+00 1.00000000e+00 1.00000000e+00 1.00000000e+00
 1.00000000e+00 1.00000000e+00 9.60000000e+01 1.80000000e+01
 1.00000000e+00]","[4.00000000e+00 2.79100000e+03 3.54756006e-01 6.56792791e-01
 1.20000000e+01 1.00000000e+00 1.00000000e+00 1.00000000e+00
 1.00000000e+00 2.00000000e+00 2.80000000e+01 4.50000000e+01
 1.00000000e+00]","[4.0000000e+00 1.7300000e+03 7.5036653e-01 7.6219543e-01 2.0000000e+00
 0.0000000e+00 1.0000000e+00 1.0000000e+00 1.0000000e+00 0.0000000e+00
 1.4000000e+01 4.0000000e+01 1.0000000e+00]","[3.00000000e+00 1.57300000e+03 3.38997559e-01 3.92657970e-01
 7.00000000e+00 1.00000000e+00 1.00000000e+00 1.00000000e+00
 1.00000000e+00 1.00000000e+00 6.20000000e+01 3.20000000e+01
 0.00000000e+00]","[4.00000000e+00 1.42700000e+03 8.54765053e-01 3.60701438e-01
 5.00000000e+00 1.00000000e+00 1.00000000e+00 0.00000000e+00
 1.00000000e+00 1.00000000e+00 2.50000000e+01 1.80000000e+01
 1.00000000e+00]","[3.00000000e+00 1.81200000e+03 6.76816990e-01 4.11282003e-01
 1.20000000e+01 0.00000000e+00 1.00000000e+00 1.00000000e+00
 1.00000000e+00 1.00000000e+00 4.00000000e+01 5.20000000e+01
 1.00000000e+00]","[2.00000000e+00 7.14000000e+02 1.64168557e-01 4.19912901e-01
 1.00000000e+00 0.00000000e+00 1.00000000e+00 1.00000000e+00
 1.00000000e+00 1.00000000e+00 7.10000000e+01 3.70000000e+01
 1.00000000e+00]","[4.00000000e+00 1.42700000e+03 8.54765053e-01 3.60701438e-01
 5.00000000e+00 1.00000000e+00 1.00000000e+00 0.00000000e+00
 1.00000000e+00 1.00000000e+00 2.50000000e+01 1.80000000e+01
 1.00000000e+00]","[4.00000000e+00 2.79100000e+03 3.54756006e-01 6.56792791e-01
 1.20000000e+01 1.00000000e+00 1.00000000e+00 1.00000000e+00
 1.00000000e+00 2.00000000e+00 2.80000000e+01 4.50000000e+01
 1.00000000e+00]","[4.00000000e+00 2.79100000e+03 3.54756006e-01 6.56792791e-01
 1.20000000e+01 1.00000000e+00 1.00000000e+00 1.00000000e+00
 1.00000000e+00 2.00000000e+00 2.80000000e+01 4.50000000e+01
 1.00000000e+00]","[4.00000000e+00 1.02400000e+03 9.00000000e-01 4.93727183e-01
 1.00000000e+00 1.00000000e+00 1.00000000e+00 1.00000000e+00
 1.00000000e+00 1.00000000e+00 9.60000000e+01 1.80000000e+01
 1.00000000e+00]","[4.00000000e+00 1.42700000e+03 8.54765053e-01 3.60701438e-01
 5.00000000e+00 1.00000000e+00 1.00000000e+00 0.00000000e+00
 1.00000000e+00 1.00000000e+00 2.50000000e+01 1.80000000e+01
 1.00000000e+00]","[3.00000000e+00 1.55700000e+03 4.59267624e-01 4.79476970e-01
 8.00000000e+00 0.00000000e+00 1.00000000e+00 0.00000000e+00
 1.00000000e+00 2.00000000e+00 1.00000000e+01 3.40000000e+01
 1.00000000e+00]","[3.00000000e+00 1.47500000e+03 7.41414628e-01 7.38115004e-01
 1.00000000e+01 1.00000000e+00 0.00000000e+00 1.00000000e+00
 1.00000000e+00 2.00000000e+00 3.70000000e+01 2.60000000e+01
 1.00000000e+00]","[4.00000000e+00 2.79100000e+03 3.54756006e-01 6.56792791e-01
 1.20000000e+01 1.00000000e+00 1.00000000e+00 1.00000000e+00
 1.00000000e+00 2.00000000e+00 2.80000000e+01 4.50000000e+01
 1.00000000e+00]","[4.00000000e+00 2.79100000e+03 3.54756006e-01 6.56792791e-01
 1.20000000e+01 1.00000000e+00 1.00000000e+00 1.00000000e+00
 1.00000000e+00 2.00000000e+00 2.80000000e+01 4.50000000e+01
 1.00000000e+00]","[4.00000000e+00 1.21800000e+03 4.01780260e-01 7.27268949e-01
 1.00000000e+01 1.00000000e+00 0.00000000e+00 0.00000000e+00
 1.00000000e+00 0.00000000e+00 6.70000000e+01 3.50000000e+01
 1.00000000e+00]","[3.00000000e+00 1.05900000e+03 5.20309917e-01 3.90545210e-01
 1.00000000e+01 1.00000000e+00 0.00000000e+00 1.00000000e+00
 1.00000000e+00 1.00000000e+00 1.80000000e+01 5.10000000e+01
 1.00000000e+00]","[4.00000000e+00 9.42000000e+02 4.21461798e-01 1.98300262e-01
 9.00000000e+00 1.00000000e+00 0.00000000e+00 1.00000000e+00
 1.00000000e+00 0.00000000e+00 6.00000000e+01 8.00000000e+00
 1.00000000e+00]","[4.00000000e+00 2.79100000e+03 3.54756006e-01 6.56792791e-01
 1.20000000e+01 1.00000000e+00 1.00000000e+00 1.00000000e+00
 1.00000000e+00 2.00000000e+00 2.80000000e+01 4.50000000e+01
 1.00000000e+00]","[1.00000000e+00 1.06300000e+03 3.79107264e-01 5.26119080e-01
 9.00000000e+00 1.00000000e+00 1.00000000e+00 1.00000000e+00
 1.00000000e+00 0.00000000e+00 3.80000000e+01 2.00000000e+01
 1.00000000e+00]","[1.00000000e+00 1.06300000e+03 3.79107264e-01 5.26119080e-01
 9.00000000e+00 1.00000000e+00 1.00000000e+00 1.00000000e+00
 1.00000000e+00 0.00000000e+00 3.80000000e+01 2.00000000e+01
 1.00000000e+00]","[4.00000000e+00 2.49700000e+03 8.71671996e-01 7.74911621e-01
 3.00000000e+00 1.00000000e+00 1.00000000e+00 1.00000000e+00
 1.00000000e+00 1.00000000e+00 4.80000000e+01 2.90000000e+01
 1.00000000e+00]","[4.00000000e+00 2.79100000e+03 3.54756006e-01 6.56792791e-01
 1.20000000e+01 1.00000000e+00 1.00000000e+00 1.00000000e+00
 1.00000000e+00 2.00000000e+00 2.80000000e+01 4.50000000e+01
 1.00000000e+00]","[4.00000000e+00 2.79100000e+03 3.54756006e-01 6.56792791e-01
 1.20000000e+01 1.00000000e+00 1.00000000e+00 1.00000000e+00
 1.00000000e+00 2.00000000e+00 2.80000000e+01 4.50000000e+01
 1.00000000e+00]","[4.00000000e+00 1.04200000e+03 2.03033054e-01 8.16365028e-01
 1.20000000e+01 1.00000000e+00 1.00000000e+00 1.00000000e+00
 1.00000000e+00 2.00000000e+00 3.80000000e+01 5.20000000e+01
 1.00000000e+00]","[4.00000000e+00 2.49700000e+03 8.71671996e-01 7.74911621e-01
 3.00000000e+00 1.00000000e+00 1.00000000e+00 1.00000000e+00
 1.00000000e+00 1.00000000e+00 4.80000000e+01 2.90000000e+01
 1.00000000e+00]","[3.00000000e+00 1.05900000e+03 5.20309917e-01 3.90545210e-01
 1.00000000e+01 1.00000000e+00 0.00000000e+00 1.00000000e+00
 1.00000000e+00 1.00000000e+00 1.80000000e+01 5.10000000e+01
 1.00000000e+00]","[4.00000000e+00 1.24000000e+03 6.80278111e-01 3.08771699e-01
 1.20000000e+01 1.00000000e+00 1.00000000e+00 1.00000000e+00
 1.00000000e+00 1.00000000e+00 1.00000000e+01 2.80000000e+01
 0.00000000e+00]","[4.00000000e+00 1.04200000e+03 2.03033054e-01 8.16365028e-01
 1.20000000e+01 1.00000000e+00 1.00000000e+00 1.00000000e+00
 1.00000000e+00 2.00000000e+00 3.80000000e+01 5.20000000e+01
 1.00000000e+00]","[4.00000000e+00 2.79100000e+03 3.54756006e-01 6.56792791e-01
 1.20000000e+01 1.00000000e+00 1.00000000e+00 1.00000000e+00
 1.00000000e+00 2.00000000e+00 2.80000000e+01 4.50000000e+01
 1.00000000e+00]","[4.00000000e+00 2.49700000e+03 8.71671996e-01 7.74911621e-01
 3.00000000e+00 1.00000000e+00 1.00000000e+00 1.00000000e+00
 1.00000000e+00 1.00000000e+00 4.80000000e+01 2.90000000e+01
 1.00000000e+00]","[4.00000000e+00 2.79100000e+03 3.54756006e-01 6.56792791e-01
 1.20000000e+01 1.00000000e+00 1.00000000e+00 1.00000000e+00
 1.00000000e+00 2.00000000e+00 2.80000000e+01 4.50000000e+01
 1.00000000e+00]","[4.00000000e+00 2.31700000e+03 1.47418325e-01 7.77408486e-01
 8.00000000e+00 1.00000000e+00 0.00000000e+00 1.00000000e+00
 1.00000000e+00 2.00000000e+00 5.70000000e+01 5.70000000e+01
 1.00000000e+00]","[4.00000000e+00 1.42700000e+03 8.54765053e-01 3.60701438e-01
 5.00000000e+00 1.00000000e+00 1.00000000e+00 0.00000000e+00
 1.00000000e+00 1.00000000e+00 2.50000000e+01 1.80000000e+01
 1.00000000e+00]","[4.00000000e+00 1.02400000e+03 9.00000000e-01 4.93727183e-01
 1.00000000e+00 1.00000000e+00 1.00000000e+00 1.00000000e+00
 1.00000000e+00 1.00000000e+00 9.60000000e+01 1.80000000e+01
 1.00000000e+00]","[4.00000000e+00 2.79100000e+03 3.54756006e-01 6.56792791e-01
 1.20000000e+01 1.00000000e+00 1.00000000e+00 1.00000000e+00
 1.00000000e+00 2.00000000e+00 2.80000000e+01 4.50000000e+01
 1.00000000e+00]","[4.00000000e+00 2.79100000e+03 3.54756006e-01 6.56792791e-01
 1.20000000e+01 1.00000000e+00 1.00000000e+00 1.00000000e+00
 1.00000000e+00 2.00000000e+00 2.80000000e+01 4.50000000e+01
 1.00000000e+00]","[4.00000000e+00 1.02400000e+03 9.00000000e-01 4.93727183e-01
 1.00000000e+00 1.00000000e+00 1.00000000e+00 1.00000000e+00
 1.00000000e+00 1.00000000e+00 9.60000000e+01 1.80000000e+01
 1.00000000e+00]","[4.00000000e+00 1.21800000e+03 4.01780260e-01 7.27268949e-01
 1.00000000e+01 1.00000000e+00 0.00000000e+00 0.00000000e+00
 1.00000000e+00 0.00000000e+00 6.70000000e+01 3.50000000e+01
 1.00000000e+00]","[3.00000000e+00 3.40600000e+03 8.92194783e-01 2.21329412e-01
 1.10000000e+01 0.00000000e+00 1.00000000e+00 0.00000000e+00
 1.00000000e+00 0.00000000e+00 4.80000000e+01 4.70000000e+01
 1.00000000e+00]","[4.00000000e+00 1.02400000e+03 9.00000000e-01 4.93727183e-01
 1.00000000e+00 1.00000000e+00 1.00000000e+00 1.00000000e+00
 1.00000000e+00 1.00000000e+00 9.60000000e+01 1.80000000e+01
 1.00000000e+00]","[3.00000000e+00 1.05900000e+03 5.20309917e-01 3.90545210e-01
 1.00000000e+01 1.00000000e+00 0.00000000e+00 1.00000000e+00
 1.00000000e+00 1.00000000e+00 1.80000000e+01 5.10000000e+01
 1.00000000e+00]","[3.00000000e+00 1.81200000e+03 6.76816990e-01 4.11282003e-01
 1.20000000e+01 0.00000000e+00 1.00000000e+00 1.00000000e+00
 1.00000000e+00 1.00000000e+00 4.00000000e+01 5.20000000e+01
 1.00000000e+00]","[4.0000000e+00 1.7300000e+03 7.5036653e-01 7.6219543e-01 2.0000000e+00
 0.0000000e+00 1.0000000e+00 1.0000000e+00 1.0000000e+00 0.0000000e+00
 1.4000000e+01 4.0000000e+01 1.0000000e+00]","[4.00000000e+00 1.04200000e+03 2.03033054e-01 8.16365028e-01
 1.20000000e+01 1.00000000e+00 1.00000000e+00 1.00000000e+00
 1.00000000e+00 2.00000000e+00 3.80000000e+01 5.20000000e+01
 1.00000000e+00]","[4.00000000e+00 2.79100000e+03 3.54756006e-01 6.56792791e-01
 1.20000000e+01 1.00000000e+00 1.00000000e+00 1.00000000e+00
 1.00000000e+00 2.00000000e+00 2.80000000e+01 4.50000000e+01
 1.00000000e+00]","[4.00000000e+00 1.35500000e+03 4.29115582e-01 5.68523151e-01
 3.00000000e+00 0.00000000e+00 0.00000000e+00 1.00000000e+00
 1.00000000e+00 0.00000000e+00 9.00000000e+00 8.00000000e+00
 1.00000000e+00]","[3.00000000e+00 1.94600000e+03 5.46092705e-01 5.68097084e-01
 1.10000000e+01 0.00000000e+00 0.00000000e+00 1.00000000e+00
 1.00000000e+00 0.00000000e+00 2.30000000e+01 6.40000000e+01
 0.00000000e+00]","[4.00000000e+00 2.76800000e+03 5.31612104e-01 5.35608192e-01
 1.10000000e+01 1.00000000e+00 0.00000000e+00 1.00000000e+00
 1.00000000e+00 1.00000000e+00 3.80000000e+01 2.90000000e+01
 1.00000000e+00]","[4.00000000e+00 1.18500000e+03 4.91023464e-01 5.30088871e-01
 8.00000000e+00 0.00000000e+00 0.00000000e+00 1.00000000e+00
 1.00000000e+00 1.00000000e+00 2.00000000e+00 4.00000000e+01
 1.00000000e+00]","[4.00000000e+00 2.79100000e+03 3.54756006e-01 6.56792791e-01
 1.20000000e+01 1.00000000e+00 1.00000000e+00 1.00000000e+00
 1.00000000e+00 2.00000000e+00 2.80000000e+01 4.50000000e+01
 1.00000000e+00]","[4.00000000e+00 1.42700000e+03 8.54765053e-01 3.60701438e-01
 5.00000000e+00 1.00000000e+00 1.00000000e+00 0.00000000e+00
 1.00000000e+00 1.00000000e+00 2.50000000e+01 1.80000000e+01
 1.00000000e+00]","[2.00000000e+00 3.07800000e+03 1.50716417e-01 6.96975495e-01
 3.00000000e+00 1.00000000e+00 1.00000000e+00 1.00000000e+00
 1.00000000e+00 1.00000000e+00 1.30000000e+01 3.00000000e+01
 1.00000000e+00]","[4.00000000e+00 2.79100000e+03 3.54756006e-01 6.56792791e-01
 1.20000000e+01 1.00000000e+00 1.00000000e+00 1.00000000e+00
 1.00000000e+00 2.00000000e+00 2.80000000e+01 4.50000000e+01
 1.00000000e+00]","[4.00000000e+00 1.04200000e+03 2.03033054e-01 8.16365028e-01
 1.20000000e+01 1.00000000e+00 1.00000000e+00 1.00000000e+00
 1.00000000e+00 2.00000000e+00 3.80000000e+01 5.20000000e+01
 1.00000000e+00]","[4.00000000e+00 1.42700000e+03 8.54765053e-01 3.60701438e-01
 5.00000000e+00 1.00000000e+00 1.00000000e+00 0.00000000e+00
 1.00000000e+00 1.00000000e+00 2.50000000e+01 1.80000000e+01
 1.00000000e+00]","[4.00000000e+00 2.79100000e+03 3.54756006e-01 6.56792791e-01
 1.20000000e+01 1.00000000e+00 1.00000000e+00 1.00000000e+00
 1.00000000e+00 2.00000000e+00 2.80000000e+01 4.50000000e+01
 1.00000000e+00]","[4.000e+00 1.024e+03 1.000e-01 1.000e-01 1.000e+00 1.000e+00 0.000e+00
 1.000e+00 1.000e+00 0.000e+00 9.600e+01 6.400e+01 1.000e+00]","[1.00000000e+00 1.06300000e+03 3.79107264e-01 5.26119080e-01
 9.00000000e+00 1.00000000e+00 1.00000000e+00 1.00000000e+00
 1.00000000e+00 0.00000000e+00 3.80000000e+01 2.00000000e+01
 1.00000000e+00]","[4.00000000e+00 2.79100000e+03 3.54756006e-01 6.56792791e-01
 1.20000000e+01 1.00000000e+00 1.00000000e+00 1.00000000e+00
 1.00000000e+00 2.00000000e+00 2.80000000e+01 4.50000000e+01
 1.00000000e+00]","[4.00000000e+00 9.42000000e+02 4.21461798e-01 1.98300262e-01
 9.00000000e+00 1.00000000e+00 0.00000000e+00 1.00000000e+00
 1.00000000e+00 0.00000000e+00 6.00000000e+01 8.00000000e+00
 1.00000000e+00]","[3.00000000e+00 2.24200000e+03 2.26679649e-01 3.29356935e-01
 4.00000000e+00 1.00000000e+00 0.00000000e+00 1.00000000e+00
 1.00000000e+00 0.00000000e+00 9.50000000e+01 4.20000000e+01
 0.00000000e+00]","[1.00000000e+00 1.06300000e+03 3.79107264e-01 5.26119080e-01
 9.00000000e+00 1.00000000e+00 1.00000000e+00 1.00000000e+00
 1.00000000e+00 0.00000000e+00 3.80000000e+01 2.00000000e+01
 1.00000000e+00]","[3.00000000e+00 1.81200000e+03 6.76816990e-01 4.11282003e-01
 1.20000000e+01 0.00000000e+00 1.00000000e+00 1.00000000e+00
 1.00000000e+00 1.00000000e+00 4.00000000e+01 5.20000000e+01
 1.00000000e+00]","[4.00000000e+00 1.95300000e+03 3.98942780e-01 5.95192879e-01
 6.00000000e+00 1.00000000e+00 1.00000000e+00 1.00000000e+00
 0.00000000e+00 2.00000000e+00 1.90000000e+01 3.90000000e+01
 1.00000000e+00]","[4.00000000e+00 2.76800000e+03 5.31612104e-01 5.35608192e-01
 1.10000000e+01 1.00000000e+00 0.00000000e+00 1.00000000e+00
 1.00000000e+00 1.00000000e+00 3.80000000e+01 2.90000000e+01
 1.00000000e+00]","[4.00000000e+00 1.42700000e+03 8.54765053e-01 3.60701438e-01
 5.00000000e+00 1.00000000e+00 1.00000000e+00 0.00000000e+00
 1.00000000e+00 1.00000000e+00 2.50000000e+01 1.80000000e+01
 1.00000000e+00]","[3.00000000e+00 1.81200000e+03 6.76816990e-01 4.11282003e-01
 1.20000000e+01 0.00000000e+00 1.00000000e+00 1.00000000e+00
 1.00000000e+00 1.00000000e+00 4.00000000e+01 5.20000000e+01
 1.00000000e+00]","[4.00000000e+00 9.42000000e+02 4.21461798e-01 1.98300262e-01
 9.00000000e+00 1.00000000e+00 0.00000000e+00 1.00000000e+00
 1.00000000e+00 0.00000000e+00 6.00000000e+01 8.00000000e+00
 1.00000000e+00]","[4.00000000e+00 1.21800000e+03 4.01780260e-01 7.27268949e-01
 1.00000000e+01 1.00000000e+00 0.00000000e+00 0.00000000e+00
 1.00000000e+00 0.00000000e+00 6.70000000e+01 3.50000000e+01
 1.00000000e+00]","[4.00000000e+00 2.79100000e+03 3.54756006e-01 6.56792791e-01
 1.20000000e+01 1.00000000e+00 1.00000000e+00 1.00000000e+00
 1.00000000e+00 2.00000000e+00 2.80000000e+01 4.50000000e+01
 1.00000000e+00]","[3.00000000e+00 2.12400000e+03 4.56107136e-01 6.81051699e-01
 5.00000000e+00 0.00000000e+00 1.00000000e+00 1.00000000e+00
 1.00000000e+00 0.00000000e+00 6.90000000e+01 3.70000000e+01
 0.00000000e+00]","[4.00000000e+00 2.31700000e+03 1.47418325e-01 7.77408486e-01
 8.00000000e+00 1.00000000e+00 0.00000000e+00 1.00000000e+00
 1.00000000e+00 2.00000000e+00 5.70000000e+01 5.70000000e+01
 1.00000000e+00]","[4.00000000e+00 1.76200000e+03 5.37709053e-01 2.62811049e-01
 8.00000000e+00 0.00000000e+00 0.00000000e+00 1.00000000e+00
 1.00000000e+00 2.00000000e+00 2.70000000e+01 9.00000000e+00
 1.00000000e+00]","[4.00000000e+00 5.52000000e+02 4.38944324e-01 6.91620653e-01
 5.00000000e+00 0.00000000e+00 1.00000000e+00 0.00000000e+00
 1.00000000e+00 1.00000000e+00 6.60000000e+01 5.40000000e+01
 1.00000000e+00]","[3.00000000e+00 1.71300000e+03 7.15743482e-01 4.05979370e-01
 3.00000000e+00 1.00000000e+00 0.00000000e+00 1.00000000e+00
 1.00000000e+00 2.00000000e+00 6.20000000e+01 6.00000000e+01
 1.00000000e+00]","[4.00000000e+00 1.04200000e+03 2.03033054e-01 8.16365028e-01
 1.20000000e+01 1.00000000e+00 1.00000000e+00 1.00000000e+00
 1.00000000e+00 2.00000000e+00 3.80000000e+01 5.20000000e+01
 1.00000000e+00]","[4.00000000e+00 5.52000000e+02 4.38944324e-01 6.91620653e-01
 5.00000000e+00 0.00000000e+00 1.00000000e+00 0.00000000e+00
 1.00000000e+00 1.00000000e+00 6.60000000e+01 5.40000000e+01
 1.00000000e+00]","[4.0000000e+00 1.7300000e+03 7.5036653e-01 7.6219543e-01 2.0000000e+00
 0.0000000e+00 1.0000000e+00 1.0000000e+00 1.0000000e+00 0.0000000e+00
 1.4000000e+01 4.0000000e+01 1.0000000e+00]","[4.00000000e+00 5.52000000e+02 4.38944324e-01 6.91620653e-01
 5.00000000e+00 0.00000000e+00 1.00000000e+00 0.00000000e+00
 1.00000000e+00 1.00000000e+00 6.60000000e+01 5.40000000e+01
 1.00000000e+00]","[3.00000000e+00 2.93600000e+03 8.28152973e-01 5.85757195e-01
 1.20000000e+01 0.00000000e+00 1.00000000e+00 0.00000000e+00
 1.00000000e+00 2.00000000e+00 9.30000000e+01 2.80000000e+01
 1.00000000e+00]","[3.00000000e+00 2.68500000e+03 1.00931128e-01 7.65044074e-01
 3.00000000e+00 0.00000000e+00 1.00000000e+00 1.00000000e+00
 1.00000000e+00 2.00000000e+00 3.60000000e+01 1.90000000e+01
 1.00000000e+00]","[4.00000000e+00 2.49700000e+03 8.71671996e-01 7.74911621e-01
 3.00000000e+00 1.00000000e+00 1.00000000e+00 1.00000000e+00
 1.00000000e+00 1.00000000e+00 4.80000000e+01 2.90000000e+01
 1.00000000e+00]","[4.00000000e+00 5.52000000e+02 4.38944324e-01 6.91620653e-01
 5.00000000e+00 0.00000000e+00 1.00000000e+00 0.00000000e+00
 1.00000000e+00 1.00000000e+00 6.60000000e+01 5.40000000e+01
 1.00000000e+00]","[3.00000000e+00 1.81200000e+03 6.76816990e-01 4.11282003e-01
 1.20000000e+01 0.00000000e+00 1.00000000e+00 1.00000000e+00
 1.00000000e+00 1.00000000e+00 4.00000000e+01 5.20000000e+01
 1.00000000e+00]","[4.00000000e+00 1.42700000e+03 8.54765053e-01 3.60701438e-01
 5.00000000e+00 1.00000000e+00 1.00000000e+00 0.00000000e+00
 1.00000000e+00 1.00000000e+00 2.50000000e+01 1.80000000e+01
 1.00000000e+00]","[3.00000000e+00 3.40600000e+03 8.92194783e-01 2.21329412e-01
 1.10000000e+01 0.00000000e+00 1.00000000e+00 0.00000000e+00
 1.00000000e+00 0.00000000e+00 4.80000000e+01 4.70000000e+01
 1.00000000e+00]","[4.0000000e+00 1.7300000e+03 7.5036653e-01 7.6219543e-01 2.0000000e+00
 0.0000000e+00 1.0000000e+00 1.0000000e+00 1.0000000e+00 0.0000000e+00
 1.4000000e+01 4.0000000e+01 1.0000000e+00]","[1.00000000e+00 1.06300000e+03 3.79107264e-01 5.26119080e-01
 9.00000000e+00 1.00000000e+00 1.00000000e+00 1.00000000e+00
 1.00000000e+00 0.00000000e+00 3.80000000e+01 2.00000000e+01
 1.00000000e+00]","[4.00000000e+00 1.35500000e+03 4.29115582e-01 5.68523151e-01
 3.00000000e+00 0.00000000e+00 0.00000000e+00 1.00000000e+00
 1.00000000e+00 0.00000000e+00 9.00000000e+00 8.00000000e+00
 1.00000000e+00]","[4.00000000e+00 2.49700000e+03 8.71671996e-01 7.74911621e-01
 3.00000000e+00 1.00000000e+00 1.00000000e+00 1.00000000e+00
 1.00000000e+00 1.00000000e+00 4.80000000e+01 2.90000000e+01
 1.00000000e+00]","[1.00000000e+00 1.06300000e+03 3.79107264e-01 5.26119080e-01
 9.00000000e+00 1.00000000e+00 1.00000000e+00 1.00000000e+00
 1.00000000e+00 0.00000000e+00 3.80000000e+01 2.00000000e+01
 1.00000000e+00]","[4.00000000e+00 1.02400000e+03 9.00000000e-01 4.93727183e-01
 1.00000000e+00 1.00000000e+00 1.00000000e+00 1.00000000e+00
 1.00000000e+00 1.00000000e+00 9.60000000e+01 1.80000000e+01
 1.00000000e+00]","[4.00000000e+00 9.20000000e+02 7.63764533e-01 8.29644591e-01
 7.00000000e+00 0.00000000e+00 1.00000000e+00 1.00000000e+00
 1.00000000e+00 2.00000000e+00 5.20000000e+01 4.10000000e+01
 1.00000000e+00]","[4.00000000e+00 2.79100000e+03 3.54756006e-01 6.56792791e-01
 1.20000000e+01 1.00000000e+00 1.00000000e+00 1.00000000e+00
 1.00000000e+00 2.00000000e+00 2.80000000e+01 4.50000000e+01
 1.00000000e+00]","[4.00000000e+00 1.03100000e+03 5.90629473e-01 8.24103550e-01
 6.00000000e+00 0.00000000e+00 1.00000000e+00 1.00000000e+00
 1.00000000e+00 0.00000000e+00 1.10000000e+01 1.10000000e+01
 0.00000000e+00]","[3.00000000e+00 1.04800000e+03 4.64228467e-01 6.38951771e-01
 5.00000000e+00 0.00000000e+00 1.00000000e+00 1.00000000e+00
 1.00000000e+00 1.00000000e+00 7.30000000e+01 8.00000000e+00
 0.00000000e+00]","[4.00000000e+00 2.86200000e+03 7.71035860e-01 2.64071232e-01
 4.00000000e+00 1.00000000e+00 1.00000000e+00 0.00000000e+00
 1.00000000e+00 2.00000000e+00 9.00000000e+01 1.30000000e+01
 1.00000000e+00]","[4.00000000e+00 2.76800000e+03 5.31612104e-01 5.35608192e-01
 1.10000000e+01 1.00000000e+00 0.00000000e+00 1.00000000e+00
 1.00000000e+00 1.00000000e+00 3.80000000e+01 2.90000000e+01
 1.00000000e+00]","[4.00000000e+00 2.79100000e+03 3.54756006e-01 6.56792791e-01
 1.20000000e+01 1.00000000e+00 1.00000000e+00 1.00000000e+00
 1.00000000e+00 2.00000000e+00 2.80000000e+01 4.50000000e+01
 1.00000000e+00]","[4.00000000e+00 2.31600000e+03 3.07965532e-01 6.84611027e-01
 1.20000000e+01 1.00000000e+00 0.00000000e+00 1.00000000e+00
 1.00000000e+00 2.00000000e+00 6.30000000e+01 1.10000000e+01
 1.00000000e+00]","[3.00000000e+00 1.02400000e+03 1.60936363e-01 4.54878138e-01
 7.00000000e+00 0.00000000e+00 1.00000000e+00 0.00000000e+00
 1.00000000e+00 0.00000000e+00 7.30000000e+01 2.40000000e+01
 0.00000000e+00]","[4.00000000e+00 1.81600000e+03 6.77839852e-01 8.48729819e-01
 2.00000000e+00 0.00000000e+00 1.00000000e+00 1.00000000e+00
 1.00000000e+00 1.00000000e+00 3.30000000e+01 3.10000000e+01
 0.00000000e+00]","[4.00000000e+00 1.18500000e+03 4.91023464e-01 5.30088871e-01
 8.00000000e+00 0.00000000e+00 0.00000000e+00 1.00000000e+00
 1.00000000e+00 1.00000000e+00 2.00000000e+00 4.00000000e+01
 1.00000000e+00]","[4.0000000e+00 1.7300000e+03 7.5036653e-01 7.6219543e-01 2.0000000e+00
 0.0000000e+00 1.0000000e+00 1.0000000e+00 1.0000000e+00 0.0000000e+00
 1.4000000e+01 4.0000000e+01 1.0000000e+00]","[4.00000000e+00 9.20000000e+02 7.63764533e-01 8.29644591e-01
 7.00000000e+00 0.00000000e+00 1.00000000e+00 1.00000000e+00
 1.00000000e+00 2.00000000e+00 5.20000000e+01 4.10000000e+01
 1.00000000e+00]","[4.00000000e+00 2.79100000e+03 3.54756006e-01 6.56792791e-01
 1.20000000e+01 1.00000000e+00 1.00000000e+00 1.00000000e+00
 1.00000000e+00 2.00000000e+00 2.80000000e+01 4.50000000e+01
 1.00000000e+00]","[3.00000000e+00 9.57000000e+02 8.99291530e-01 7.19266666e-01
 5.00000000e+00 1.00000000e+00 1.00000000e+00 1.00000000e+00
 1.00000000e+00 0.00000000e+00 3.10000000e+01 3.00000000e+01
 0.00000000e+00]","[4.00000000e+00 1.81600000e+03 6.77839852e-01 8.48729819e-01
 2.00000000e+00 0.00000000e+00 1.00000000e+00 1.00000000e+00
 1.00000000e+00 1.00000000e+00 3.30000000e+01 3.10000000e+01
 0.00000000e+00]","[4.00000000e+00 5.52000000e+02 4.38944324e-01 6.91620653e-01
 5.00000000e+00 0.00000000e+00 1.00000000e+00 0.00000000e+00
 1.00000000e+00 1.00000000e+00 6.60000000e+01 5.40000000e+01
 1.00000000e+00]","[4.00000000e+00 1.18500000e+03 4.91023464e-01 5.30088871e-01
 8.00000000e+00 0.00000000e+00 0.00000000e+00 1.00000000e+00
 1.00000000e+00 1.00000000e+00 2.00000000e+00 4.00000000e+01
 1.00000000e+00]","[4.00000000e+00 1.76200000e+03 5.37709053e-01 2.62811049e-01
 8.00000000e+00 0.00000000e+00 0.00000000e+00 1.00000000e+00
 1.00000000e+00 2.00000000e+00 2.70000000e+01 9.00000000e+00
 1.00000000e+00]","[3.00000000e+00 1.11100000e+03 3.71704686e-01 2.72486700e-01
 8.00000000e+00 1.00000000e+00 1.00000000e+00 0.00000000e+00
 1.00000000e+00 1.00000000e+00 4.80000000e+01 3.60000000e+01
 0.00000000e+00]","[4.00000000e+00 1.42700000e+03 8.54765053e-01 3.60701438e-01
 5.00000000e+00 1.00000000e+00 1.00000000e+00 0.00000000e+00
 1.00000000e+00 1.00000000e+00 2.50000000e+01 1.80000000e+01
 1.00000000e+00]","[4.00000000e+00 1.02400000e+03 4.39586815e-01 3.36808614e-01
 1.00000000e+00 1.00000000e+00 0.00000000e+00 1.00000000e+00
 1.00000000e+00 0.00000000e+00 2.70000000e+01 6.40000000e+01
 1.00000000e+00]","[4.00000000e+00 1.22900000e+03 5.47297550e-01 6.85134847e-01
 7.00000000e+00 0.00000000e+00 1.00000000e+00 1.00000000e+00
 1.00000000e+00 0.00000000e+00 1.10000000e+01 1.00000000e+01
 0.00000000e+00]","[4.00000000e+00 3.16400000e+03 4.59321106e-01 1.02741387e-01
 4.00000000e+00 1.00000000e+00 0.00000000e+00 0.00000000e+00
 1.00000000e+00 2.00000000e+00 7.50000000e+01 4.50000000e+01
 1.00000000e+00]","[4.00000000e+00 5.52000000e+02 4.38944324e-01 6.91620653e-01
 5.00000000e+00 0.00000000e+00 1.00000000e+00 0.00000000e+00
 1.00000000e+00 1.00000000e+00 6.60000000e+01 5.40000000e+01
 1.00000000e+00]","[3.00000000e+00 1.02400000e+03 4.00033538e-01 2.47379775e-01
 8.00000000e+00 1.00000000e+00 1.00000000e+00 0.00000000e+00
 1.00000000e+00 1.00000000e+00 4.70000000e+01 3.60000000e+01
 0.00000000e+00]","[4.00000000e+00 9.42000000e+02 4.21461798e-01 1.98300262e-01
 9.00000000e+00 1.00000000e+00 0.00000000e+00 1.00000000e+00
 1.00000000e+00 0.00000000e+00 6.00000000e+01 8.00000000e+00
 1.00000000e+00]","[4.00000000e+00 1.72900000e+03 7.72881191e-01 5.97088197e-01
 3.00000000e+00 0.00000000e+00 1.00000000e+00 1.00000000e+00
 0.00000000e+00 2.00000000e+00 1.10000000e+01 1.10000000e+01
 0.00000000e+00]","[3.00000000e+00 1.31300000e+03 5.91874076e-01 1.98139515e-01
 8.00000000e+00 1.00000000e+00 1.00000000e+00 0.00000000e+00
 0.00000000e+00 0.00000000e+00 9.30000000e+01 3.10000000e+01
 1.00000000e+00]","[4.00000000e+00 1.02400000e+03 5.47616101e-01 6.12627878e-01
 3.00000000e+00 0.00000000e+00 1.00000000e+00 0.00000000e+00
 0.00000000e+00 1.00000000e+00 4.60000000e+01 2.30000000e+01
 1.00000000e+00]","[3.00000000e+00 1.77600000e+03 3.46817387e-01 3.26350325e-01
 7.00000000e+00 0.00000000e+00 1.00000000e+00 0.00000000e+00
 1.00000000e+00 2.00000000e+00 2.80000000e+01 5.00000000e+01
 0.00000000e+00]","[4.00000000e+00 2.79100000e+03 3.54756006e-01 6.56792791e-01
 1.20000000e+01 1.00000000e+00 1.00000000e+00 1.00000000e+00
 1.00000000e+00 2.00000000e+00 2.80000000e+01 4.50000000e+01
 1.00000000e+00]","[4.00000000e+00 2.79100000e+03 3.54756006e-01 6.56792791e-01
 1.20000000e+01 1.00000000e+00 1.00000000e+00 1.00000000e+00
 1.00000000e+00 2.00000000e+00 2.80000000e+01 4.50000000e+01
 1.00000000e+00]","[3.00000000e+00 2.12400000e+03 4.56107136e-01 6.81051699e-01
 5.00000000e+00 0.00000000e+00 1.00000000e+00 1.00000000e+00
 1.00000000e+00 0.00000000e+00 6.90000000e+01 3.70000000e+01
 0.00000000e+00]","[4.00000000e+00 1.12100000e+03 8.16959153e-01 2.46848391e-01
 1.20000000e+01 1.00000000e+00 1.00000000e+00 1.00000000e+00
 1.00000000e+00 1.00000000e+00 1.20000000e+01 3.80000000e+01
 0.00000000e+00]","[4.00000000e+00 2.79100000e+03 3.54756006e-01 6.56792791e-01
 1.20000000e+01 1.00000000e+00 1.00000000e+00 1.00000000e+00
 1.00000000e+00 2.00000000e+00 2.80000000e+01 4.50000000e+01
 1.00000000e+00]","[3.00000000e+00 1.24900000e+03 7.62611021e-01 6.72688108e-01
 5.00000000e+00 0.00000000e+00 1.00000000e+00 1.00000000e+00
 1.00000000e+00 2.00000000e+00 6.40000000e+01 5.10000000e+01
 0.00000000e+00]","[4.0000000e+00 1.7300000e+03 7.5036653e-01 7.6219543e-01 2.0000000e+00
 0.0000000e+00 1.0000000e+00 1.0000000e+00 1.0000000e+00 0.0000000e+00
 1.4000000e+01 4.0000000e+01 1.0000000e+00]","[4.00000000e+00 1.95300000e+03 3.98942780e-01 5.95192879e-01
 6.00000000e+00 1.00000000e+00 1.00000000e+00 1.00000000e+00
 0.00000000e+00 2.00000000e+00 1.90000000e+01 3.90000000e+01
 1.00000000e+00]","[4.00000000e+00 3.16400000e+03 4.59321106e-01 1.02741387e-01
 4.00000000e+00 1.00000000e+00 0.00000000e+00 0.00000000e+00
 1.00000000e+00 2.00000000e+00 7.50000000e+01 4.50000000e+01
 1.00000000e+00]","[4.00000000e+00 2.79500000e+03 8.00816617e-01 4.94559799e-01
 1.10000000e+01 0.00000000e+00 1.00000000e+00 1.00000000e+00
 1.00000000e+00 1.00000000e+00 8.40000000e+01 2.60000000e+01
 0.00000000e+00]","[4.00000000e+00 1.02400000e+03 9.00000000e-01 8.76663518e-01
 1.20000000e+01 0.00000000e+00 1.00000000e+00 1.00000000e+00
 0.00000000e+00 1.00000000e+00 8.00000000e+00 6.00000000e+01
 0.00000000e+00]","[3.00000000e+00 1.81200000e+03 6.76816990e-01 4.11282003e-01
 1.20000000e+01 0.00000000e+00 1.00000000e+00 1.00000000e+00
 1.00000000e+00 1.00000000e+00 4.00000000e+01 5.20000000e+01
 1.00000000e+00]","[3.00000000e+00 1.02400000e+03 4.00033538e-01 2.47379775e-01
 8.00000000e+00 1.00000000e+00 1.00000000e+00 0.00000000e+00
 1.00000000e+00 1.00000000e+00 4.70000000e+01 3.60000000e+01
 0.00000000e+00]","[3.00000000e+00 1.55700000e+03 4.59267624e-01 4.79476970e-01
 8.00000000e+00 0.00000000e+00 1.00000000e+00 0.00000000e+00
 1.00000000e+00 2.00000000e+00 1.00000000e+01 3.40000000e+01
 1.00000000e+00]","[3.00000000e+00 1.81200000e+03 6.76816990e-01 4.11282003e-01
 1.20000000e+01 0.00000000e+00 1.00000000e+00 1.00000000e+00
 1.00000000e+00 1.00000000e+00 4.00000000e+01 5.20000000e+01
 1.00000000e+00]","[4.00000000e+00 3.16400000e+03 4.59321106e-01 1.02741387e-01
 4.00000000e+00 1.00000000e+00 0.00000000e+00 0.00000000e+00
 1.00000000e+00 2.00000000e+00 7.50000000e+01 4.50000000e+01
 1.00000000e+00]","[4.0000000e+00 1.7300000e+03 7.5036653e-01 7.6219543e-01 2.0000000e+00
 0.0000000e+00 1.0000000e+00 1.0000000e+00 1.0000000e+00 0.0000000e+00
 1.4000000e+01 4.0000000e+01 1.0000000e+00]","[4.00000000e+00 7.03000000e+02 3.15003716e-01 8.06395056e-01
 3.00000000e+00 0.00000000e+00 1.00000000e+00 1.00000000e+00
 0.00000000e+00 2.00000000e+00 1.00000000e+01 8.00000000e+00
 1.00000000e+00]","[3.00000000e+00 1.31300000e+03 5.91874076e-01 1.98139515e-01
 8.00000000e+00 1.00000000e+00 1.00000000e+00 0.00000000e+00
 0.00000000e+00 0.00000000e+00 9.30000000e+01 3.10000000e+01
 1.00000000e+00]","[4.00000000e+00 5.38000000e+02 4.55626495e-01 5.79272584e-01
 1.10000000e+01 0.00000000e+00 1.00000000e+00 1.00000000e+00
 1.00000000e+00 1.00000000e+00 4.70000000e+01 1.30000000e+01
 0.00000000e+00]","[4.00000000e+00 9.20000000e+02 7.63764533e-01 8.29644591e-01
 7.00000000e+00 0.00000000e+00 1.00000000e+00 1.00000000e+00
 1.00000000e+00 2.00000000e+00 5.20000000e+01 4.10000000e+01
 1.00000000e+00]","[3.00000000e+00 1.81200000e+03 6.76816990e-01 4.11282003e-01
 1.20000000e+01 0.00000000e+00 1.00000000e+00 1.00000000e+00
 1.00000000e+00 1.00000000e+00 4.00000000e+01 5.20000000e+01
 1.00000000e+00]","[4.000e+00 1.024e+03 9.000e-01 1.000e-01 1.200e+01 0.000e+00 1.000e+00
 1.000e+00 0.000e+00 2.000e+00 2.000e+01 1.800e+01 0.000e+00]","[4.00000000e+00 2.86200000e+03 7.71035860e-01 2.64071232e-01
 4.00000000e+00 1.00000000e+00 1.00000000e+00 0.00000000e+00
 1.00000000e+00 2.00000000e+00 9.00000000e+01 1.30000000e+01
 1.00000000e+00]","[4.00000000e+00 1.18500000e+03 4.91023464e-01 5.30088871e-01
 8.00000000e+00 0.00000000e+00 0.00000000e+00 1.00000000e+00
 1.00000000e+00 1.00000000e+00 2.00000000e+00 4.00000000e+01
 1.00000000e+00]","[4.00000000e+00 1.97200000e+03 5.07155686e-01 8.22698753e-01
 1.10000000e+01 1.00000000e+00 1.00000000e+00 0.00000000e+00
 0.00000000e+00 0.00000000e+00 8.20000000e+01 3.30000000e+01
 0.00000000e+00]","[4.00000000e+00 9.42000000e+02 4.21461798e-01 1.98300262e-01
 9.00000000e+00 1.00000000e+00 0.00000000e+00 1.00000000e+00
 1.00000000e+00 0.00000000e+00 6.00000000e+01 8.00000000e+00
 1.00000000e+00]","[3.00000000e+00 1.81200000e+03 6.76816990e-01 4.11282003e-01
 1.20000000e+01 0.00000000e+00 1.00000000e+00 1.00000000e+00
 1.00000000e+00 1.00000000e+00 4.00000000e+01 5.20000000e+01
 1.00000000e+00]","[4.00000000e+00 2.49700000e+03 8.71671996e-01 7.74911621e-01
 3.00000000e+00 1.00000000e+00 1.00000000e+00 1.00000000e+00
 1.00000000e+00 1.00000000e+00 4.80000000e+01 2.90000000e+01
 1.00000000e+00]","[4.00000000e+00 1.42700000e+03 8.54765053e-01 3.60701438e-01
 5.00000000e+00 1.00000000e+00 1.00000000e+00 0.00000000e+00
 1.00000000e+00 1.00000000e+00 2.50000000e+01 1.80000000e+01
 1.00000000e+00]","[3.00000000e+00 1.57300000e+03 3.38997559e-01 3.92657970e-01
 7.00000000e+00 1.00000000e+00 1.00000000e+00 1.00000000e+00
 1.00000000e+00 1.00000000e+00 6.20000000e+01 3.20000000e+01
 0.00000000e+00]","[4.00000000e+00 2.79100000e+03 3.54756006e-01 6.56792791e-01
 1.20000000e+01 1.00000000e+00 1.00000000e+00 1.00000000e+00
 1.00000000e+00 2.00000000e+00 2.80000000e+01 4.50000000e+01
 1.00000000e+00]","[4.00000000e+00 1.42700000e+03 8.54765053e-01 3.60701438e-01
 5.00000000e+00 1.00000000e+00 1.00000000e+00 0.00000000e+00
 1.00000000e+00 1.00000000e+00 2.50000000e+01 1.80000000e+01
 1.00000000e+00]","[3.00000000e+00 2.67100000e+03 4.11423725e-01 2.21088070e-01
 7.00000000e+00 1.00000000e+00 1.00000000e+00 1.00000000e+00
 0.00000000e+00 0.00000000e+00 4.10000000e+01 2.50000000e+01
 1.00000000e+00]","[3.00000000e+00 1.39300000e+03 3.01064195e-01 4.05886824e-01
 7.00000000e+00 1.00000000e+00 1.00000000e+00 0.00000000e+00
 1.00000000e+00 1.00000000e+00 6.40000000e+01 3.00000000e+01
 0.00000000e+00]","[3.00000000e+00 1.31300000e+03 5.91874076e-01 1.98139515e-01
 8.00000000e+00 1.00000000e+00 1.00000000e+00 0.00000000e+00
 0.00000000e+00 0.00000000e+00 9.30000000e+01 3.10000000e+01
 1.00000000e+00]","[3.00000000e+00 1.05900000e+03 5.20309917e-01 3.90545210e-01
 1.00000000e+01 1.00000000e+00 0.00000000e+00 1.00000000e+00
 1.00000000e+00 1.00000000e+00 1.80000000e+01 5.10000000e+01
 1.00000000e+00]","[4.00000000e+00 9.42000000e+02 4.21461798e-01 1.98300262e-01
 9.00000000e+00 1.00000000e+00 0.00000000e+00 1.00000000e+00
 1.00000000e+00 0.00000000e+00 6.00000000e+01 8.00000000e+00
 1.00000000e+00]","[4.00000000e+00 5.52000000e+02 4.38944324e-01 6.91620653e-01
 5.00000000e+00 0.00000000e+00 1.00000000e+00 0.00000000e+00
 1.00000000e+00 1.00000000e+00 6.60000000e+01 5.40000000e+01
 1.00000000e+00]","[4.00000000e+00 1.21800000e+03 4.01780260e-01 7.27268949e-01
 1.00000000e+01 1.00000000e+00 0.00000000e+00 0.00000000e+00
 1.00000000e+00 0.00000000e+00 6.70000000e+01 3.50000000e+01
 1.00000000e+00]","[3.00000000e+00 1.81200000e+03 6.76816990e-01 4.11282003e-01
 1.20000000e+01 0.00000000e+00 1.00000000e+00 1.00000000e+00
 1.00000000e+00 1.00000000e+00 4.00000000e+01 5.20000000e+01
 1.00000000e+00]","[4.00000000e+00 2.79100000e+03 3.54756006e-01 6.56792791e-01
 1.20000000e+01 1.00000000e+00 1.00000000e+00 1.00000000e+00
 1.00000000e+00 2.00000000e+00 2.80000000e+01 4.50000000e+01
 1.00000000e+00]","[4.00000000e+00 1.02400000e+03 9.00000000e-01 4.93727183e-01
 1.00000000e+00 1.00000000e+00 1.00000000e+00 1.00000000e+00
 1.00000000e+00 1.00000000e+00 9.60000000e+01 1.80000000e+01
 1.00000000e+00]","[4.00000000e+00 1.66400000e+03 9.00000000e-01 4.66113166e-01
 1.20000000e+01 1.00000000e+00 1.00000000e+00 1.00000000e+00
 0.00000000e+00 0.00000000e+00 9.00000000e+00 8.00000000e+00
 0.00000000e+00]","[3.00000000e+00 1.55700000e+03 4.59267624e-01 4.79476970e-01
 8.00000000e+00 0.00000000e+00 1.00000000e+00 0.00000000e+00
 1.00000000e+00 2.00000000e+00 1.00000000e+01 3.40000000e+01
 1.00000000e+00]","[3.00000000e+00 1.02400000e+03 5.36384497e-01 6.96505995e-01
 1.00000000e+00 0.00000000e+00 1.00000000e+00 1.00000000e+00
 1.00000000e+00 0.00000000e+00 1.30000000e+01 1.40000000e+01
 0.00000000e+00]","[4.00000000e+00 1.02400000e+03 9.00000000e-01 1.91213915e-01
 1.20000000e+01 1.00000000e+00 1.00000000e+00 0.00000000e+00
 0.00000000e+00 0.00000000e+00 8.00000000e+00 1.50000000e+01
 0.00000000e+00]","[4.00000000e+00 2.79100000e+03 3.54756006e-01 6.56792791e-01
 1.20000000e+01 1.00000000e+00 1.00000000e+00 1.00000000e+00
 1.00000000e+00 2.00000000e+00 2.80000000e+01 4.50000000e+01
 1.00000000e+00]","[4.00000000e+00 1.42700000e+03 8.54765053e-01 3.60701438e-01
 5.00000000e+00 1.00000000e+00 1.00000000e+00 0.00000000e+00
 1.00000000e+00 1.00000000e+00 2.50000000e+01 1.80000000e+01
 1.00000000e+00]","[4.00000000e+00 2.53000000e+03 3.27208791e-01 4.62897204e-01
 1.00000000e+01 0.00000000e+00 1.00000000e+00 1.00000000e+00
 0.00000000e+00 1.00000000e+00 4.20000000e+01 3.60000000e+01
 0.00000000e+00]","[4.00000000e+00 2.07700000e+03 7.60314746e-01 8.68224500e-01
 4.00000000e+00 1.00000000e+00 0.00000000e+00 1.00000000e+00
 1.00000000e+00 2.00000000e+00 1.50000000e+01 4.80000000e+01
 0.00000000e+00]","[4.00000000e+00 2.49700000e+03 8.71671996e-01 7.74911621e-01
 3.00000000e+00 1.00000000e+00 1.00000000e+00 1.00000000e+00
 1.00000000e+00 1.00000000e+00 4.80000000e+01 2.90000000e+01
 1.00000000e+00]","[3.00000000e+00 2.67100000e+03 4.11423725e-01 2.21088070e-01
 7.00000000e+00 1.00000000e+00 1.00000000e+00 1.00000000e+00
 0.00000000e+00 0.00000000e+00 4.10000000e+01 2.50000000e+01
 1.00000000e+00]","[4.00000000e+00 3.02800000e+03 8.69159709e-01 3.24056339e-01
 7.00000000e+00 1.00000000e+00 0.00000000e+00 1.00000000e+00
 0.00000000e+00 0.00000000e+00 3.30000000e+01 3.20000000e+01
 1.00000000e+00]","[4.00000000e+00 1.21800000e+03 4.01780260e-01 7.27268949e-01
 1.00000000e+01 1.00000000e+00 0.00000000e+00 0.00000000e+00
 1.00000000e+00 0.00000000e+00 6.70000000e+01 3.50000000e+01
 1.00000000e+00]","[4.00000000e+00 1.02400000e+03 3.08787253e-01 9.00000000e-01
 1.20000000e+01 1.00000000e+00 0.00000000e+00 1.00000000e+00
 1.00000000e+00 0.00000000e+00 6.40000000e+01 8.00000000e+00
 0.00000000e+00]","[4.00000000e+00 9.20000000e+02 7.63764533e-01 8.29644591e-01
 7.00000000e+00 0.00000000e+00 1.00000000e+00 1.00000000e+00
 1.00000000e+00 2.00000000e+00 5.20000000e+01 4.10000000e+01
 1.00000000e+00]","[3.00000000e+00 1.09500000e+03 3.82401010e-01 2.32954754e-01
 8.00000000e+00 1.00000000e+00 1.00000000e+00 0.00000000e+00
 1.00000000e+00 1.00000000e+00 4.40000000e+01 3.70000000e+01
 0.00000000e+00]","[3.00000000e+00 1.81200000e+03 6.76816990e-01 4.11282003e-01
 1.20000000e+01 0.00000000e+00 1.00000000e+00 1.00000000e+00
 1.00000000e+00 1.00000000e+00 4.00000000e+01 5.20000000e+01
 1.00000000e+00]","[4.00000000e+00 8.73000000e+02 6.21160639e-01 1.49483696e-01
 8.00000000e+00 1.00000000e+00 0.00000000e+00 0.00000000e+00
 0.00000000e+00 2.00000000e+00 4.30000000e+01 3.50000000e+01
 1.00000000e+00]","[3.00000000e+00 1.31300000e+03 5.91874076e-01 1.98139515e-01
 8.00000000e+00 1.00000000e+00 1.00000000e+00 0.00000000e+00
 0.00000000e+00 0.00000000e+00 9.30000000e+01 3.10000000e+01
 1.00000000e+00]","[3.00000000e+00 1.81200000e+03 6.76816990e-01 4.11282003e-01
 1.20000000e+01 0.00000000e+00 1.00000000e+00 1.00000000e+00
 1.00000000e+00 1.00000000e+00 4.00000000e+01 5.20000000e+01
 1.00000000e+00]","[4.00000000e+00 1.66400000e+03 9.00000000e-01 4.66113166e-01
 1.20000000e+01 1.00000000e+00 1.00000000e+00 1.00000000e+00
 0.00000000e+00 0.00000000e+00 9.00000000e+00 8.00000000e+00
 0.00000000e+00]","[4.00000000e+00 1.66400000e+03 9.00000000e-01 4.66113166e-01
 1.20000000e+01 1.00000000e+00 1.00000000e+00 1.00000000e+00
 0.00000000e+00 0.00000000e+00 9.00000000e+00 8.00000000e+00
 0.00000000e+00]","[3.00000000e+00 2.67100000e+03 4.11423725e-01 2.21088070e-01
 7.00000000e+00 1.00000000e+00 1.00000000e+00 1.00000000e+00
 0.00000000e+00 0.00000000e+00 4.10000000e+01 2.50000000e+01
 1.00000000e+00]","[4.00000000e+00 1.24000000e+03 6.80278111e-01 3.08771699e-01
 1.20000000e+01 1.00000000e+00 1.00000000e+00 1.00000000e+00
 1.00000000e+00 1.00000000e+00 1.00000000e+01 2.80000000e+01
 0.00000000e+00]","[4.00000000e+00 5.38000000e+02 4.55626495e-01 5.79272584e-01
 1.10000000e+01 0.00000000e+00 1.00000000e+00 1.00000000e+00
 1.00000000e+00 1.00000000e+00 4.70000000e+01 1.30000000e+01
 0.00000000e+00]","[4.00000000e+00 1.21800000e+03 4.01780260e-01 7.27268949e-01
 1.00000000e+01 1.00000000e+00 0.00000000e+00 0.00000000e+00
 1.00000000e+00 0.00000000e+00 6.70000000e+01 3.50000000e+01
 1.00000000e+00]","[4.00000000e+00 2.81700000e+03 7.61977580e-01 1.46984389e-01
 1.10000000e+01 0.00000000e+00 1.00000000e+00 0.00000000e+00
 0.00000000e+00 1.00000000e+00 4.60000000e+01 3.60000000e+01
 0.00000000e+00]","[4.00000000e+00 2.49700000e+03 8.71671996e-01 7.74911621e-01
 3.00000000e+00 1.00000000e+00 1.00000000e+00 1.00000000e+00
 1.00000000e+00 1.00000000e+00 4.80000000e+01 2.90000000e+01
 1.00000000e+00]","[3.00000000e+00 1.81200000e+03 6.76816990e-01 4.11282003e-01
 1.20000000e+01 0.00000000e+00 1.00000000e+00 1.00000000e+00
 1.00000000e+00 1.00000000e+00 4.00000000e+01 5.20000000e+01
 1.00000000e+00]","[4.00000000e+00 8.57000000e+02 5.24418474e-01 6.37337272e-01
 4.00000000e+00 1.00000000e+00 0.00000000e+00 1.00000000e+00
 0.00000000e+00 0.00000000e+00 2.60000000e+01 3.30000000e+01
 0.00000000e+00]","[4.00000000e+00 1.95300000e+03 3.98942780e-01 5.95192879e-01
 6.00000000e+00 1.00000000e+00 1.00000000e+00 1.00000000e+00
 0.00000000e+00 2.00000000e+00 1.90000000e+01 3.90000000e+01
 1.00000000e+00]","[3.00000000e+00 2.67100000e+03 4.11423725e-01 2.21088070e-01
 7.00000000e+00 1.00000000e+00 1.00000000e+00 1.00000000e+00
 0.00000000e+00 0.00000000e+00 4.10000000e+01 2.50000000e+01
 1.00000000e+00]","[4.00000000e+00 2.99500000e+03 5.84223051e-01 4.57163083e-01
 7.00000000e+00 1.00000000e+00 0.00000000e+00 0.00000000e+00
 0.00000000e+00 0.00000000e+00 6.40000000e+01 1.20000000e+01
 0.00000000e+00]","[2.00000000e+00 3.07800000e+03 1.50716417e-01 6.96975495e-01
 3.00000000e+00 1.00000000e+00 1.00000000e+00 1.00000000e+00
 1.00000000e+00 1.00000000e+00 1.30000000e+01 3.00000000e+01
 1.00000000e+00]","[4.00000000e+00 1.30300000e+03 5.34365386e-01 5.94579702e-01
 6.00000000e+00 1.00000000e+00 0.00000000e+00 1.00000000e+00
 0.00000000e+00 1.00000000e+00 6.10000000e+01 6.10000000e+01
 0.00000000e+00]","[4.00000000e+00 2.53000000e+03 3.27208791e-01 4.62897204e-01
 1.00000000e+01 0.00000000e+00 1.00000000e+00 1.00000000e+00
 0.00000000e+00 1.00000000e+00 4.20000000e+01 3.60000000e+01
 0.00000000e+00]","[2.00000000e+00 9.59000000e+02 3.93541563e-01 7.23771293e-01
 4.00000000e+00 1.00000000e+00 0.00000000e+00 1.00000000e+00
 1.00000000e+00 0.00000000e+00 6.40000000e+01 4.20000000e+01
 1.00000000e+00]","[3.00000000e+00 1.63100000e+03 2.06252344e-01 8.98153145e-01
 1.10000000e+01 1.00000000e+00 0.00000000e+00 1.00000000e+00
 0.00000000e+00 1.00000000e+00 2.40000000e+01 5.60000000e+01
 1.00000000e+00]","[4.00000000e+00 1.42700000e+03 8.54765053e-01 3.60701438e-01
 5.00000000e+00 1.00000000e+00 1.00000000e+00 0.00000000e+00
 1.00000000e+00 1.00000000e+00 2.50000000e+01 1.80000000e+01
 1.00000000e+00]","[4.00000000e+00 3.16400000e+03 4.59321106e-01 1.02741387e-01
 4.00000000e+00 1.00000000e+00 0.00000000e+00 0.00000000e+00
 1.00000000e+00 2.00000000e+00 7.50000000e+01 4.50000000e+01
 1.00000000e+00]","[4.0000000e+00 1.7300000e+03 7.5036653e-01 7.6219543e-01 2.0000000e+00
 0.0000000e+00 1.0000000e+00 1.0000000e+00 1.0000000e+00 0.0000000e+00
 1.4000000e+01 4.0000000e+01 1.0000000e+00]","[3.00000000e+00 2.67100000e+03 4.11423725e-01 2.21088070e-01
 7.00000000e+00 1.00000000e+00 1.00000000e+00 1.00000000e+00
 0.00000000e+00 0.00000000e+00 4.10000000e+01 2.50000000e+01
 1.00000000e+00]","[4.00000000e+00 2.79100000e+03 3.54756006e-01 6.56792791e-01
 1.20000000e+01 1.00000000e+00 1.00000000e+00 1.00000000e+00
 1.00000000e+00 2.00000000e+00 2.80000000e+01 4.50000000e+01
 1.00000000e+00]","[1.00000000e+00 1.06300000e+03 3.79107264e-01 5.26119080e-01
 9.00000000e+00 1.00000000e+00 1.00000000e+00 1.00000000e+00
 1.00000000e+00 0.00000000e+00 3.80000000e+01 2.00000000e+01
 1.00000000e+00]","[3.00000000e+00 1.02400000e+03 3.39547422e-01 2.96020812e-01
 4.00000000e+00 1.00000000e+00 0.00000000e+00 1.00000000e+00
 1.00000000e+00 0.00000000e+00 5.20000000e+01 2.50000000e+01
 0.00000000e+00]","[3.00000000e+00 2.67100000e+03 4.11423725e-01 2.21088070e-01
 7.00000000e+00 1.00000000e+00 1.00000000e+00 1.00000000e+00
 0.00000000e+00 0.00000000e+00 4.10000000e+01 2.50000000e+01
 1.00000000e+00]","[3.00000000e+00 1.45000000e+03 4.62240288e-01 5.41252909e-01
 1.00000000e+01 1.00000000e+00 0.00000000e+00 0.00000000e+00
 0.00000000e+00 0.00000000e+00 1.50000000e+01 1.80000000e+01
 0.00000000e+00]","[3.00000000e+00 1.18900000e+03 1.77482154e-01 7.42582319e-01
 2.00000000e+00 1.00000000e+00 0.00000000e+00 1.00000000e+00
 0.00000000e+00 1.00000000e+00 5.50000000e+01 2.80000000e+01
 0.00000000e+00]","[4.00000000e+00 1.21800000e+03 4.01780260e-01 7.27268949e-01
 1.00000000e+01 1.00000000e+00 0.00000000e+00 0.00000000e+00
 1.00000000e+00 0.00000000e+00 6.70000000e+01 3.50000000e+01
 1.00000000e+00]","[4.00000000e+00 1.04200000e+03 2.03033054e-01 8.16365028e-01
 1.20000000e+01 1.00000000e+00 1.00000000e+00 1.00000000e+00
 1.00000000e+00 2.00000000e+00 3.80000000e+01 5.20000000e+01
 1.00000000e+00]","[4.00000000e+00 7.03000000e+02 3.15003716e-01 8.06395056e-01
 3.00000000e+00 0.00000000e+00 1.00000000e+00 1.00000000e+00
 0.00000000e+00 2.00000000e+00 1.00000000e+01 8.00000000e+00
 1.00000000e+00]","[4.00000000e+00 1.24000000e+03 6.80278111e-01 3.08771699e-01
 1.20000000e+01 1.00000000e+00 1.00000000e+00 1.00000000e+00
 1.00000000e+00 1.00000000e+00 1.00000000e+01 2.80000000e+01
 0.00000000e+00]","[4.00000000e+00 1.02400000e+03 3.76687909e-01 1.00000000e-01
 1.20000000e+01 1.00000000e+00 0.00000000e+00 0.00000000e+00
 0.00000000e+00 2.00000000e+00 8.00000000e+00 8.00000000e+00
 0.00000000e+00]","[4.00000000e+00 1.02400000e+03 5.04016944e-01 9.00000000e-01
 1.20000000e+01 1.00000000e+00 0.00000000e+00 0.00000000e+00
 0.00000000e+00 2.00000000e+00 5.10000000e+01 6.40000000e+01
 1.00000000e+00]","[3.00000000e+00 1.02400000e+03 2.86977287e-01 1.30511131e-01
 8.00000000e+00 1.00000000e+00 1.00000000e+00 0.00000000e+00
 0.00000000e+00 2.00000000e+00 3.80000000e+01 2.90000000e+01
 0.00000000e+00]","[4.00000000e+00 1.04200000e+03 2.03033054e-01 8.16365028e-01
 1.20000000e+01 1.00000000e+00 1.00000000e+00 1.00000000e+00
 1.00000000e+00 2.00000000e+00 3.80000000e+01 5.20000000e+01
 1.00000000e+00]","[4.00000000e+00 2.65300000e+03 2.56392404e-01 5.60537455e-01
 9.00000000e+00 1.00000000e+00 0.00000000e+00 0.00000000e+00
 0.00000000e+00 0.00000000e+00 4.50000000e+01 2.90000000e+01
 1.00000000e+00]","[4.00000000e+00 1.21800000e+03 4.01780260e-01 7.27268949e-01
 1.00000000e+01 1.00000000e+00 0.00000000e+00 0.00000000e+00
 1.00000000e+00 0.00000000e+00 6.70000000e+01 3.50000000e+01
 1.00000000e+00]","[4.00000000e+00 2.49700000e+03 8.71671996e-01 7.74911621e-01
 3.00000000e+00 1.00000000e+00 1.00000000e+00 1.00000000e+00
 1.00000000e+00 1.00000000e+00 4.80000000e+01 2.90000000e+01
 1.00000000e+00]","[3.00000000e+00 1.77600000e+03 3.46817387e-01 3.26350325e-01
 7.00000000e+00 0.00000000e+00 1.00000000e+00 0.00000000e+00
 1.00000000e+00 2.00000000e+00 2.80000000e+01 5.00000000e+01
 0.00000000e+00]","[3.00000000e+00 1.31300000e+03 5.91874076e-01 1.98139515e-01
 8.00000000e+00 1.00000000e+00 1.00000000e+00 0.00000000e+00
 0.00000000e+00 0.00000000e+00 9.30000000e+01 3.10000000e+01
 1.00000000e+00]","[4.00000000e+00 2.79100000e+03 3.54756006e-01 6.56792791e-01
 1.20000000e+01 1.00000000e+00 1.00000000e+00 1.00000000e+00
 1.00000000e+00 2.00000000e+00 2.80000000e+01 4.50000000e+01
 1.00000000e+00]","[3.00000000e+00 1.05900000e+03 5.20309917e-01 3.90545210e-01
 1.00000000e+01 1.00000000e+00 0.00000000e+00 1.00000000e+00
 1.00000000e+00 1.00000000e+00 1.80000000e+01 5.10000000e+01
 1.00000000e+00]","[4.00000000e+00 1.24000000e+03 6.80278111e-01 3.08771699e-01
 1.20000000e+01 1.00000000e+00 1.00000000e+00 1.00000000e+00
 1.00000000e+00 1.00000000e+00 1.00000000e+01 2.80000000e+01
 0.00000000e+00]","[4.00000000e+00 2.79100000e+03 3.54756006e-01 6.56792791e-01
 1.20000000e+01 1.00000000e+00 1.00000000e+00 1.00000000e+00
 1.00000000e+00 2.00000000e+00 2.80000000e+01 4.50000000e+01
 1.00000000e+00]","[4.00000000e+00 1.74200000e+03 5.73814052e-01 9.00000000e-01
 1.20000000e+01 1.00000000e+00 1.00000000e+00 1.00000000e+00
 1.00000000e+00 0.00000000e+00 8.00000000e+00 2.80000000e+01
 0.00000000e+00]","[4.00000000e+00 2.81700000e+03 7.61977580e-01 1.46984389e-01
 1.10000000e+01 0.00000000e+00 1.00000000e+00 0.00000000e+00
 0.00000000e+00 1.00000000e+00 4.60000000e+01 3.60000000e+01
 0.00000000e+00]","[4.00000000e+00 8.73000000e+02 6.21160639e-01 1.49483696e-01
 8.00000000e+00 1.00000000e+00 0.00000000e+00 0.00000000e+00
 0.00000000e+00 2.00000000e+00 4.30000000e+01 3.50000000e+01
 1.00000000e+00]","[4.00000000e+00 1.95300000e+03 3.98942780e-01 5.95192879e-01
 6.00000000e+00 1.00000000e+00 1.00000000e+00 1.00000000e+00
 0.00000000e+00 2.00000000e+00 1.90000000e+01 3.90000000e+01
 1.00000000e+00]","[4.00000000e+00 2.65300000e+03 2.56392404e-01 5.60537455e-01
 9.00000000e+00 1.00000000e+00 0.00000000e+00 0.00000000e+00
 0.00000000e+00 0.00000000e+00 4.50000000e+01 2.90000000e+01
 1.00000000e+00]","[3.00000000e+00 2.67100000e+03 4.11423725e-01 2.21088070e-01
 7.00000000e+00 1.00000000e+00 1.00000000e+00 1.00000000e+00
 0.00000000e+00 0.00000000e+00 4.10000000e+01 2.50000000e+01
 1.00000000e+00]","[3.00000000e+00 1.32100000e+03 1.58326131e-01 1.41312885e-01
 6.00000000e+00 1.00000000e+00 1.00000000e+00 0.00000000e+00
 1.00000000e+00 2.00000000e+00 3.70000000e+01 4.60000000e+01
 0.00000000e+00]","[4.000e+00 2.107e+03 9.000e-01 1.000e-01 1.200e+01 0.000e+00 1.000e+00
 1.000e+00 0.000e+00 0.000e+00 5.100e+01 8.000e+00 0.000e+00]","[4.00000000e+00 3.16400000e+03 4.59321106e-01 1.02741387e-01
 4.00000000e+00 1.00000000e+00 0.00000000e+00 0.00000000e+00
 1.00000000e+00 2.00000000e+00 7.50000000e+01 4.50000000e+01
 1.00000000e+00]","[4.00000000e+00 3.16400000e+03 4.59321106e-01 1.02741387e-01
 4.00000000e+00 1.00000000e+00 0.00000000e+00 0.00000000e+00
 1.00000000e+00 2.00000000e+00 7.50000000e+01 4.50000000e+01
 1.00000000e+00]","[3.00000000e+00 1.81200000e+03 6.76816990e-01 4.11282003e-01
 1.20000000e+01 0.00000000e+00 1.00000000e+00 1.00000000e+00
 1.00000000e+00 1.00000000e+00 4.00000000e+01 5.20000000e+01
 1.00000000e+00]","[3.00000000e+00 2.67100000e+03 4.11423725e-01 2.21088070e-01
 7.00000000e+00 1.00000000e+00 1.00000000e+00 1.00000000e+00
 0.00000000e+00 0.00000000e+00 4.10000000e+01 2.50000000e+01
 1.00000000e+00]","[3.00000000e+00 1.31300000e+03 5.91874076e-01 1.98139515e-01
 8.00000000e+00 1.00000000e+00 1.00000000e+00 0.00000000e+00
 0.00000000e+00 0.00000000e+00 9.30000000e+01 3.10000000e+01
 1.00000000e+00]","[3.00000000e+00 5.14000000e+02 3.74379292e-01 8.38991135e-01
 6.00000000e+00 1.00000000e+00 0.00000000e+00 1.00000000e+00
 1.00000000e+00 0.00000000e+00 2.00000000e+01 8.00000000e+00
 1.00000000e+00]","[3.00000000e+00 1.31300000e+03 5.91874076e-01 1.98139515e-01
 8.00000000e+00 1.00000000e+00 1.00000000e+00 0.00000000e+00
 0.00000000e+00 0.00000000e+00 9.30000000e+01 3.10000000e+01
 1.00000000e+00]","[4.00000000e+00 3.55200000e+03 7.76592656e-01 2.43817126e-01
 1.10000000e+01 1.00000000e+00 0.00000000e+00 0.00000000e+00
 1.00000000e+00 1.00000000e+00 5.90000000e+01 6.20000000e+01
 1.00000000e+00]","[4.00000000e+00 1.62800000e+03 8.42297191e-01 5.79980990e-01
 1.20000000e+01 1.00000000e+00 1.00000000e+00 1.00000000e+00
 0.00000000e+00 0.00000000e+00 9.00000000e+00 8.00000000e+00
 0.00000000e+00]","[4.00000000e+00 3.02800000e+03 8.69159709e-01 3.24056339e-01
 7.00000000e+00 1.00000000e+00 0.00000000e+00 1.00000000e+00
 0.00000000e+00 0.00000000e+00 3.30000000e+01 3.20000000e+01
 1.00000000e+00]","[3.00000000e+00 1.63100000e+03 2.06252344e-01 8.98153145e-01
 1.10000000e+01 1.00000000e+00 0.00000000e+00 1.00000000e+00
 0.00000000e+00 1.00000000e+00 2.40000000e+01 5.60000000e+01
 1.00000000e+00]","[4.00000000e+00 1.02400000e+03 9.00000000e-01 4.93727183e-01
 1.00000000e+00 1.00000000e+00 1.00000000e+00 1.00000000e+00
 1.00000000e+00 1.00000000e+00 9.60000000e+01 1.80000000e+01
 1.00000000e+00]","[4.00000000e+00 8.57000000e+02 5.24418474e-01 6.37337272e-01
 4.00000000e+00 1.00000000e+00 0.00000000e+00 1.00000000e+00
 0.00000000e+00 0.00000000e+00 2.60000000e+01 3.30000000e+01
 0.00000000e+00]","[3.00000000e+00 2.67100000e+03 4.11423725e-01 2.21088070e-01
 7.00000000e+00 1.00000000e+00 1.00000000e+00 1.00000000e+00
 0.00000000e+00 0.00000000e+00 4.10000000e+01 2.50000000e+01
 1.00000000e+00]","[4.00000000e+00 2.49700000e+03 8.71671996e-01 7.74911621e-01
 3.00000000e+00 1.00000000e+00 1.00000000e+00 1.00000000e+00
 1.00000000e+00 1.00000000e+00 4.80000000e+01 2.90000000e+01
 1.00000000e+00]","[3.00000000e+00 1.31300000e+03 5.91874076e-01 1.98139515e-01
 8.00000000e+00 1.00000000e+00 1.00000000e+00 0.00000000e+00
 0.00000000e+00 0.00000000e+00 9.30000000e+01 3.10000000e+01
 1.00000000e+00]","[4.00000000e+00 2.79100000e+03 3.54756006e-01 6.56792791e-01
 1.20000000e+01 1.00000000e+00 1.00000000e+00 1.00000000e+00
 1.00000000e+00 2.00000000e+00 2.80000000e+01 4.50000000e+01
 1.00000000e+00]","[4.00000000e+00 1.02400000e+03 3.73612795e-01 9.00000000e-01
 1.20000000e+01 1.00000000e+00 0.00000000e+00 1.00000000e+00
 1.00000000e+00 0.00000000e+00 4.00000000e+01 8.00000000e+00
 0.00000000e+00]","[4.00000000e+00 1.83300000e+03 9.00000000e-01 5.85018771e-01
 2.00000000e+00 0.00000000e+00 1.00000000e+00 1.00000000e+00
 0.00000000e+00 2.00000000e+00 1.10000000e+01 1.20000000e+01
 1.00000000e+00]","[4.00000000e+00 1.09900000e+03 6.64634552e-01 7.04753297e-01
 9.00000000e+00 1.00000000e+00 1.00000000e+00 1.00000000e+00
 0.00000000e+00 0.00000000e+00 1.00000000e+01 8.00000000e+00
 0.00000000e+00]","[3.00000000e+00 1.29900000e+03 5.50576377e-01 4.78916049e-01
 5.00000000e+00 0.00000000e+00 1.00000000e+00 1.00000000e+00
 0.00000000e+00 1.00000000e+00 8.00000000e+00 3.80000000e+01
 0.00000000e+00]","[4.00000000e+00 1.02400000e+03 3.78872494e-01 5.90069564e-01
 4.00000000e+00 1.00000000e+00 0.00000000e+00 0.00000000e+00
 0.00000000e+00 1.00000000e+00 1.50000000e+01 5.40000000e+01
 1.00000000e+00]","[2.00000000e+00 2.10300000e+03 7.14278926e-01 4.06360426e-01
 4.00000000e+00 0.00000000e+00 1.00000000e+00 0.00000000e+00
 1.00000000e+00 0.00000000e+00 5.60000000e+01 4.30000000e+01
 0.00000000e+00]","[3.00000000e+00 2.67100000e+03 4.11423725e-01 2.21088070e-01
 7.00000000e+00 1.00000000e+00 1.00000000e+00 1.00000000e+00
 0.00000000e+00 0.00000000e+00 4.10000000e+01 2.50000000e+01
 1.00000000e+00]","[4.00000000e+00 1.09000000e+03 5.05275217e-01 3.72014604e-01
 1.00000000e+00 0.00000000e+00 0.00000000e+00 1.00000000e+00
 0.00000000e+00 0.00000000e+00 8.00000000e+00 5.10000000e+01
 1.00000000e+00]","[4.00000000e+00 2.79100000e+03 3.54756006e-01 6.56792791e-01
 1.20000000e+01 1.00000000e+00 1.00000000e+00 1.00000000e+00
 1.00000000e+00 2.00000000e+00 2.80000000e+01 4.50000000e+01
 1.00000000e+00]","[4.00000000e+00 3.02800000e+03 8.69159709e-01 3.24056339e-01
 7.00000000e+00 1.00000000e+00 0.00000000e+00 1.00000000e+00
 0.00000000e+00 0.00000000e+00 3.30000000e+01 3.20000000e+01
 1.00000000e+00]","[4.00000000e+00 1.04200000e+03 2.03033054e-01 8.16365028e-01
 1.20000000e+01 1.00000000e+00 1.00000000e+00 1.00000000e+00
 1.00000000e+00 2.00000000e+00 3.80000000e+01 5.20000000e+01
 1.00000000e+00]","[3.00000e+00 1.16700e+03 5.76233e-01 9.00000e-01 7.00000e+00 0.00000e+00
 1.00000e+00 0.00000e+00 1.00000e+00 1.00000e+00 8.00000e+00 2.00000e+01
 0.00000e+00]","[4.00000000e+00 5.52000000e+02 4.38944324e-01 6.91620653e-01
 5.00000000e+00 0.00000000e+00 1.00000000e+00 0.00000000e+00
 1.00000000e+00 1.00000000e+00 6.60000000e+01 5.40000000e+01
 1.00000000e+00]","[4.00000000e+00 1.43800000e+03 5.63682621e-01 9.00000000e-01
 1.10000000e+01 1.00000000e+00 1.00000000e+00 1.00000000e+00
 1.00000000e+00 0.00000000e+00 8.00000000e+00 2.60000000e+01
 0.00000000e+00]","[4.00000000e+00 1.83300000e+03 9.00000000e-01 5.85018771e-01
 2.00000000e+00 0.00000000e+00 1.00000000e+00 1.00000000e+00
 0.00000000e+00 2.00000000e+00 1.10000000e+01 1.20000000e+01
 1.00000000e+00]","[3.00000000e+00 1.39300000e+03 3.01064195e-01 4.05886824e-01
 7.00000000e+00 1.00000000e+00 1.00000000e+00 0.00000000e+00
 1.00000000e+00 1.00000000e+00 6.40000000e+01 3.00000000e+01
 0.00000000e+00]","[3.00000000e+00 1.63100000e+03 2.06252344e-01 8.98153145e-01
 1.10000000e+01 1.00000000e+00 0.00000000e+00 1.00000000e+00
 0.00000000e+00 1.00000000e+00 2.40000000e+01 5.60000000e+01
 1.00000000e+00]","[4.00000000e+00 2.79100000e+03 3.54756006e-01 6.56792791e-01
 1.20000000e+01 1.00000000e+00 1.00000000e+00 1.00000000e+00
 1.00000000e+00 2.00000000e+00 2.80000000e+01 4.50000000e+01
 1.00000000e+00]","[3.00000000e+00 2.67100000e+03 4.11423725e-01 2.21088070e-01
 7.00000000e+00 1.00000000e+00 1.00000000e+00 1.00000000e+00
 0.00000000e+00 0.00000000e+00 4.10000000e+01 2.50000000e+01
 1.00000000e+00]","[4.000e+00 1.024e+03 9.000e-01 9.000e-01 1.200e+01 0.000e+00 1.000e+00
 1.000e+00 0.000e+00 2.000e+00 8.000e+00 6.400e+01 0.000e+00]","[3.00000000e+00 1.57300000e+03 3.38997559e-01 3.92657970e-01
 7.00000000e+00 1.00000000e+00 1.00000000e+00 1.00000000e+00
 1.00000000e+00 1.00000000e+00 6.20000000e+01 3.20000000e+01
 0.00000000e+00]","[1.00000000e+00 7.78000000e+02 7.28662926e-01 2.55516191e-01
 1.10000000e+01 0.00000000e+00 0.00000000e+00 0.00000000e+00
 1.00000000e+00 1.00000000e+00 3.10000000e+01 4.00000000e+01
 1.00000000e+00]","[4.00000000e+00 1.43100000e+03 7.48029418e-01 7.42494720e-01
 6.00000000e+00 0.00000000e+00 1.00000000e+00 1.00000000e+00
 1.00000000e+00 2.00000000e+00 7.70000000e+01 5.80000000e+01
 1.00000000e+00]","[4.00000000e+00 2.08300000e+03 5.83786204e-01 1.81426241e-01
 1.00000000e+00 0.00000000e+00 0.00000000e+00 0.00000000e+00
 0.00000000e+00 0.00000000e+00 3.50000000e+01 2.40000000e+01
 0.00000000e+00]","[3.00000000e+00 1.81200000e+03 6.76816990e-01 4.11282003e-01
 1.20000000e+01 0.00000000e+00 1.00000000e+00 1.00000000e+00
 1.00000000e+00 1.00000000e+00 4.00000000e+01 5.20000000e+01
 1.00000000e+00]","[4.00000000e+00 2.49700000e+03 8.71671996e-01 7.74911621e-01
 3.00000000e+00 1.00000000e+00 1.00000000e+00 1.00000000e+00
 1.00000000e+00 1.00000000e+00 4.80000000e+01 2.90000000e+01
 1.00000000e+00]","[4.00000000e+00 1.02400000e+03 5.04016944e-01 9.00000000e-01
 1.20000000e+01 1.00000000e+00 0.00000000e+00 0.00000000e+00
 0.00000000e+00 2.00000000e+00 5.10000000e+01 6.40000000e+01
 1.00000000e+00]","[4.00000000e+00 8.57000000e+02 5.24418474e-01 6.37337272e-01
 4.00000000e+00 1.00000000e+00 0.00000000e+00 1.00000000e+00
 0.00000000e+00 0.00000000e+00 2.60000000e+01 3.30000000e+01
 0.00000000e+00]","[4.00000000e+00 1.02400000e+03 5.41206295e-01 5.79673257e-01
 4.00000000e+00 0.00000000e+00 1.00000000e+00 0.00000000e+00
 0.00000000e+00 1.00000000e+00 4.70000000e+01 2.80000000e+01
 1.00000000e+00]","[4.00000000e+00 1.95300000e+03 3.98942780e-01 5.95192879e-01
 6.00000000e+00 1.00000000e+00 1.00000000e+00 1.00000000e+00
 0.00000000e+00 2.00000000e+00 1.90000000e+01 3.90000000e+01
 1.00000000e+00]","[3.00000000e+00 2.14400000e+03 5.23801453e-01 4.52736193e-01
 6.00000000e+00 1.00000000e+00 0.00000000e+00 0.00000000e+00
 0.00000000e+00 1.00000000e+00 5.20000000e+01 3.80000000e+01
 0.00000000e+00]","[3.00000000e+00 1.02400000e+03 2.25228816e-01 4.34791688e-01
 7.00000000e+00 0.00000000e+00 1.00000000e+00 0.00000000e+00
 1.00000000e+00 1.00000000e+00 6.90000000e+01 2.70000000e+01
 0.00000000e+00]","[3.00000000e+00 1.02400000e+03 5.36384497e-01 6.96505995e-01
 1.00000000e+00 0.00000000e+00 1.00000000e+00 1.00000000e+00
 1.00000000e+00 0.00000000e+00 1.30000000e+01 1.40000000e+01
 0.00000000e+00]","[4.00000000e+00 2.79100000e+03 3.54756006e-01 6.56792791e-01
 1.20000000e+01 1.00000000e+00 1.00000000e+00 1.00000000e+00
 1.00000000e+00 2.00000000e+00 2.80000000e+01 4.50000000e+01
 1.00000000e+00]","[4.00000000e+00 8.47000000e+02 7.49900453e-01 5.22344726e-01
 3.00000000e+00 0.00000000e+00 0.00000000e+00 1.00000000e+00
 1.00000000e+00 1.00000000e+00 8.30000000e+01 4.10000000e+01
 0.00000000e+00]","[3.00000000e+00 1.77600000e+03 3.46817387e-01 3.26350325e-01
 7.00000000e+00 0.00000000e+00 1.00000000e+00 0.00000000e+00
 1.00000000e+00 2.00000000e+00 2.80000000e+01 5.00000000e+01
 0.00000000e+00]","[4.00000000e+00 1.43100000e+03 7.48029418e-01 7.42494720e-01
 6.00000000e+00 0.00000000e+00 1.00000000e+00 1.00000000e+00
 1.00000000e+00 2.00000000e+00 7.70000000e+01 5.80000000e+01
 1.00000000e+00]","[4.00000000e+00 1.56900000e+03 9.00000000e-01 1.80020664e-01
 1.20000000e+01 0.00000000e+00 1.00000000e+00 0.00000000e+00
 0.00000000e+00 2.00000000e+00 7.30000000e+01 8.00000000e+00
 0.00000000e+00]","[4.0000000e+00 1.7300000e+03 7.5036653e-01 7.6219543e-01 2.0000000e+00
 0.0000000e+00 1.0000000e+00 1.0000000e+00 1.0000000e+00 0.0000000e+00
 1.4000000e+01 4.0000000e+01 1.0000000e+00]","[4.0000000e+00 1.0240000e+03 9.0000000e-01 4.0837694e-01 1.2000000e+01
 0.0000000e+00 1.0000000e+00 1.0000000e+00 0.0000000e+00 1.0000000e+00
 8.0000000e+00 1.0000000e+01 0.0000000e+00]","[4.00000000e+00 1.89900000e+03 8.02054347e-01 4.23442340e-01
 5.00000000e+00 1.00000000e+00 1.00000000e+00 0.00000000e+00
 0.00000000e+00 2.00000000e+00 5.90000000e+01 5.10000000e+01
 0.00000000e+00]","[4.00000000e+00 1.91700000e+03 7.24698067e-01 6.52019868e-01
 1.10000000e+01 0.00000000e+00 0.00000000e+00 0.00000000e+00
 1.00000000e+00 2.00000000e+00 5.00000000e+01 2.90000000e+01
 0.00000000e+00]","[4.00000000e+00 1.21800000e+03 4.01780260e-01 7.27268949e-01
 1.00000000e+01 1.00000000e+00 0.00000000e+00 0.00000000e+00
 1.00000000e+00 0.00000000e+00 6.70000000e+01 3.50000000e+01
 1.00000000e+00]","[4.00000000e+00 9.42000000e+02 4.21461798e-01 1.98300262e-01
 9.00000000e+00 1.00000000e+00 0.00000000e+00 1.00000000e+00
 1.00000000e+00 0.00000000e+00 6.00000000e+01 8.00000000e+00
 1.00000000e+00]","[4.00000000e+00 1.02400000e+03 5.04016944e-01 9.00000000e-01
 1.20000000e+01 1.00000000e+00 0.00000000e+00 0.00000000e+00
 0.00000000e+00 2.00000000e+00 5.10000000e+01 6.40000000e+01
 1.00000000e+00]","[4.00000000e+00 1.42700000e+03 8.54765053e-01 3.60701438e-01
 5.00000000e+00 1.00000000e+00 1.00000000e+00 0.00000000e+00
 1.00000000e+00 1.00000000e+00 2.50000000e+01 1.80000000e+01
 1.00000000e+00]","[3.00000000e+00 1.75100000e+03 5.96269112e-01 9.00000000e-01
 8.00000000e+00 0.00000000e+00 1.00000000e+00 0.00000000e+00
 1.00000000e+00 1.00000000e+00 1.20000000e+01 4.40000000e+01
 0.00000000e+00]","[3.00000000e+00 1.02400000e+03 5.40895580e-01 5.30244173e-01
 4.00000000e+00 0.00000000e+00 0.00000000e+00 0.00000000e+00
 0.00000000e+00 1.00000000e+00 4.70000000e+01 3.40000000e+01
 1.00000000e+00]","[3.00000000e+00 1.57300000e+03 3.38997559e-01 3.92657970e-01
 7.00000000e+00 1.00000000e+00 1.00000000e+00 1.00000000e+00
 1.00000000e+00 1.00000000e+00 6.20000000e+01 3.20000000e+01
 0.00000000e+00]","[4.00000000e+00 5.52000000e+02 4.38944324e-01 6.91620653e-01
 5.00000000e+00 0.00000000e+00 1.00000000e+00 0.00000000e+00
 1.00000000e+00 1.00000000e+00 6.60000000e+01 5.40000000e+01
 1.00000000e+00]","[4.00000000e+00 1.09400000e+03 4.51975436e-01 9.00000000e-01
 8.00000000e+00 1.00000000e+00 1.00000000e+00 1.00000000e+00
 1.00000000e+00 0.00000000e+00 4.20000000e+01 8.00000000e+00
 0.00000000e+00]","[4.00000000e+00 2.86200000e+03 7.71035860e-01 2.64071232e-01
 4.00000000e+00 1.00000000e+00 1.00000000e+00 0.00000000e+00
 1.00000000e+00 2.00000000e+00 9.00000000e+01 1.30000000e+01
 1.00000000e+00]","[4.00000000e+00 1.21800000e+03 4.01780260e-01 7.27268949e-01
 1.00000000e+01 1.00000000e+00 0.00000000e+00 0.00000000e+00
 1.00000000e+00 0.00000000e+00 6.70000000e+01 3.50000000e+01
 1.00000000e+00]","[4.00000000e+00 1.83300000e+03 9.00000000e-01 5.85018771e-01
 2.00000000e+00 0.00000000e+00 1.00000000e+00 1.00000000e+00
 0.00000000e+00 2.00000000e+00 1.10000000e+01 1.20000000e+01
 1.00000000e+00]","[3.00000000e+00 1.81200000e+03 6.76816990e-01 4.11282003e-01
 1.20000000e+01 0.00000000e+00 1.00000000e+00 1.00000000e+00
 1.00000000e+00 1.00000000e+00 4.00000000e+01 5.20000000e+01
 1.00000000e+00]","[3.00000000e+00 2.67100000e+03 4.11423725e-01 2.21088070e-01
 7.00000000e+00 1.00000000e+00 1.00000000e+00 1.00000000e+00
 0.00000000e+00 0.00000000e+00 4.10000000e+01 2.50000000e+01
 1.00000000e+00]","[2.00000000e+00 1.02400000e+03 5.37051666e-01 4.58630596e-01
 7.00000000e+00 0.00000000e+00 0.00000000e+00 0.00000000e+00
 1.00000000e+00 1.00000000e+00 8.00000000e+00 8.00000000e+00
 1.00000000e+00]","[3.00000000e+00 1.02400000e+03 1.60936363e-01 4.54878138e-01
 7.00000000e+00 0.00000000e+00 1.00000000e+00 0.00000000e+00
 1.00000000e+00 0.00000000e+00 7.30000000e+01 2.40000000e+01
 0.00000000e+00]","[4.00000000e+00 1.04200000e+03 2.03033054e-01 8.16365028e-01
 1.20000000e+01 1.00000000e+00 1.00000000e+00 1.00000000e+00
 1.00000000e+00 2.00000000e+00 3.80000000e+01 5.20000000e+01
 1.00000000e+00]","[4.00000000e+00 3.02800000e+03 8.69159709e-01 3.24056339e-01
 7.00000000e+00 1.00000000e+00 0.00000000e+00 1.00000000e+00
 0.00000000e+00 0.00000000e+00 3.30000000e+01 3.20000000e+01
 1.00000000e+00]"
-2337.0,-1430.0,-3236.0,-2523.0,-1459.0,-1220.0,-1481.0,-2213.0,-1217.0,-2185.0,-2931.0,-2262.0,-1811.0,-2355.0,-3112.0,-2262.0,-2265.0,-3240.0,-2879.0,-2314.0,-2094.0,-3116.0,-3182.0,-3037.0,-3015.0,-2972.0,-3037.0,-2823.0,-3125.0,-3007.0,-3106.0,-3182.0,-3089.0,-1451.0,-3104.0,-1469.0,-3104.0,-1451.0,-2755.0,-3120.0,-3156.0,-1605.0,-3179.0,-3150.0,-3089.0,-2951.0,-3156.0,-3104.0,-3104.0,-3106.0,-3179.0,-3112.0,-3179.0,-2317.0,-2145.0,-3120.0,-3112.0,-3104.0,-3015.0,-3104.0,-3112.0,-3116.0,-3150.0,-3161.0,-3179.0,-3112.0,-3017.0,-3089.0,-2940.0,-3179.0,-3106.0,-1605.0,-2995.0,-3104.0,-3179.0,-3106.0,-2845.0,-3037.0,-3242.0,-3092.0,-3125.0,-3106.0,-2214.0,-3104.0,-2214.0,-3073.0,-3073.0,-3106.0,-2711.0,-3150.0,-3073.0,-3106.0,-3007.0,-2826.0,-1605.0,-3104.0,-3106.0,-3007.0,-3150.0,-2755.0,-3104.0,-3179.0,-1605.0,-3104.0,-2991.0,-3104.0,-3112.0,-2991.0,-2925.0,-3051.0,-3104.0,-3156.0,-3179.0,-2991.0,-2768.0,-2940.0,-3104.0,-3233.0,-3073.0,-2940.0,-3104.0,-3106.0,-2232.0,-3089.0,-3104.0,-3073.0,-3134.0,-2927.0,-1605.0,-1605.0,-3051.0,-3106.0,-3233.0,-3073.0,-3116.0,-3156.0,-1605.0,-3037.0,-1605.0,-3106.0,-2925.0,-3233.0,-3197.0,-3106.0,-1469.0,-2180.0,-2936.0,-3233.0,-3233.0,-1605.0,-3104.0,-3104.0,-2982.0,-3106.0,-3073.0,-1605.0,-1469.0,-3106.0,-3106.0,-1469.0,-3125.0,-1469.0,-1469.0,-3138.0,-1469.0,-3150.0,-3194.0,-2192.0,-1469.0,-3106.0,-3233.0,-2391.0,-3112.0,-1719.0,-2880.0,-1469.0,-2826.0,-3194.0,-3053.0,-2856.0,-1469.0,-1469.0,-3051.0,-3182.0,-3106.0,-3194.0,-3051.0,-3116.0,-3104.0,-1474.0,-3051.0,-1469.0,-2302.0,-3236.0,-3106.0,-1469.0,-3233.0,-3233.0,-3233.0,-2987.0,-3167.0,-3194.0,-3233.0,-3233.0,-3106.0,-3233.0,-3051.0,-3233.0,-1469.0,-2441.0,-3051.0,-3051.0,-3098.0,-3233.0,-3233.0,-3194.0,-3051.0,-3233.0,-3233.0,-3283.0,-3233.0,-3233.0,-2317.0,-3098.0,-3116.0,-3106.0,-3116.0,-3233.0,-3233.0,-3098.0,-3233.0,-3106.0,-3233.0,-3233.0,-3233.0,-3106.0,-3153.0,-2927.0,-3073.0,-3007.0,-3233.0,-3233.0,-3283.0,-1469.0,-3051.0,-2317.0,-3098.0,-3194.0,-3233.0,-3283.0,-3007.0,-3106.0,-3098.0,-2285.0,-3106.0,-3233.0,-3233.0,-3194.0,-3106.0,-3146.0,-2995.0,-3233.0,-3233.0,-3104.0,-3179.0,-3134.0,-3233.0,-1469.0,-1469.0,-3051.0,-3233.0,-3233.0,-3073.0,-3051.0,-3179.0,-2940.0,-3073.0,-3233.0,-3051.0,-3233.0,-3160.0,-3106.0,-3194.0,-3233.0,-3233.0,-3194.0,-3104.0,-3161.0,-3194.0,-3179.0,-3098.0,-3283.0,-3073.0,-3233.0,-3033.0,-3021.0,-2927.0,-2880.0,-3233.0,-3106.0,-2317.0,-3233.0,-3073.0,-3106.0,-3233.0,-3055.0,-1469.0,-3233.0,-3134.0,-3236.0,-1469.0,-3098.0,-2903.0,-2927.0,-3106.0,-3098.0,-3134.0,-3104.0,-3233.0,-3215.0,-3160.0,-3178.0,-3116.0,-3153.0,-3073.0,-3116.0,-3283.0,-3116.0,-2967.0,-3226.0,-3051.0,-3116.0,-3098.0,-3106.0,-3161.0,-3283.0,-1469.0,-3033.0,-3051.0,-1469.0,-3194.0,-3207.0,-3233.0,-3098.0,-3132.0,-3023.0,-2927.0,-3233.0,-3138.0,-3153.0,-3256.0,-2880.0,-3283.0,-3207.0,-3233.0,-3182.0,-3256.0,-3116.0,-2880.0,-3178.0,-3120.0,-3106.0,-2936.0,-3387.0,-3125.0,-3116.0,-2888.0,-3134.0,-3149.0,-3192.0,-3068.0,-3297.0,-3233.0,-3233.0,-3215.0,-3017.0,-3233.0,-3011.0,-3283.0,-2903.0,-3125.0,-3306.0,-2856.0,-3098.0,-2888.0,-3146.0,-3098.0,-3125.0,-3283.0,-3155.0,-3192.0,-3317.0,-3207.0,-3098.0,-3105.0,-3023.0,-2880.0,-2493.0,-3134.0,-3098.0,-3051.0,-3106.0,-3007.0,-3233.0,-3106.0,-3080.0,-2991.0,-3192.0,-3179.0,-3134.0,-3116.0,-3104.0,-3098.0,-3233.0,-3194.0,-3157.0,-3146.0,-3229.0,-3021.0,-3233.0,-3106.0,-3259.0,-3159.0,-3051.0,-3080.0,-3115.0,-3104.0,-2919.0,-3207.0,-3117.0,-3098.0,-3160.0,-3192.0,-3098.0,-3157.0,-3157.0,-3080.0,-2940.0,-3317.0,-3104.0,-3336.0,-3051.0,-3098.0,-3239.0,-2903.0,-3080.0,-3137.0,-2317.0,-3125.0,-3259.0,-2298.0,-2939.0,-3106.0,-3125.0,-3283.0,-3080.0,-3233.0,-1469.0,-3089.0,-3080.0,-3240.0,-3309.0,-3104.0,-3073.0,-3155.0,-2940.0,-3232.0,-2913.0,-3224.0,-3073.0,-3177.0,-3104.0,-3051.0,-3297.0,-3192.0,-3233.0,-3179.0,-2940.0,-3233.0,-3079.0,-3336.0,-3160.0,-2903.0,-3177.0,-3080.0,-2823.0,-2927.0,-3125.0,-3125.0,-3098.0,-3080.0,-3192.0,-3209.0,-3192.0,-2755.0,-2880.0,-3115.0,-2939.0,-3194.0,-3239.0,-3080.0,-3051.0,-3192.0,-3233.0,-3161.0,-2657.0,-2868.0,-2958.0,-3053.0,-2314.0,-3080.0,-3203.0,-3233.0,-3115.0,-3073.0,-3144.0,-3116.0,-2913.0,-2657.0,-2991.0,-2939.0,-3233.0,-3080.0,-3160.0,-3007.0,-1466.0,-3144.0,-2995.0,-3098.0,-3051.0,-2913.0,-3239.0,-2844.0,-2903.0,-3105.0,-2910.0,-3229.0,-3233.0,-3069.0,-3297.0,-3144.0,-3089.0,-3283.0,-3099.0,-3244.0,-3232.0,-3104.0,-3134.0,-2913.0,-3106.0,-3053.0,-3038.0,-3007.0,-3116.0,-3080.0,-3023.0,-3104.0,-2657.0,-3098.0,-3080.0,-2265.0,-3153.0,-3073.0,-3115.0
165
